API,Tfu,Tfob,Tfb,Tfc,Klr,Kl,Kll,Klz,Kfh,x,y
4900705010,,,,,2294.3,2294.3,2569.6,3085.4,3917.7,-107.62776,41.01171
4900705018,973.9,1226.3,1295.5,1569.4,2310.3,2310.3,2696.6,3289.7,3800.6,-107.74046,41.02101
4900705023,1891.7,2257.6,2368.2,2506.6,3307.5,3307.5,3945.5,,4860.1,-107.83873,41.03026
4900705050,2287.6,2681.5,2732.2,2923.5,3652.1,3652.1,4125.9,4494.2,5340.9,-107.68510,41.13570
4900705051,741,1275.6,1326.3,1478.2,2243.6,2243.6,2738.6,3340.8,4246.8,-107.65156,41.16104
4900705057,1087.4,1528.9,1605.1,1745.8,2598.2,2598.2,3011.8,3574.6,4343,-107.67253,41.17992
4900705077,1988.9,2752.4,,2829.5,3831.4,3831.4,4533.6,5213,5872.4,-107.81840,41.34985
4900705277,,730.5,,1572.8,3590.3,3590.3,4292.4,5669.9,,-107.76102,41.64662
4900706922,650.9,,961.5,1301.7,1982.4,1982.4,2336.2,3027,3544.3,-107.71803,41.01870
4900720003,,,,,,,,5454.4,6311.2,-107.85680,41.36448
4900720017,405,779.2,873.3,1147.1,1889.2,1889.2,2148.7,2778.5,3316.4,-107.67164,41.01548
4900720039,518.3,812.2,856.5,1227.2,1898.7,1898.7,2196.2,2822.8,3363.8,-107.68962,41.01579
4900720050,1388.7,1525.8,1657.5,1946.5,2686.5,2686.5,3052.2,3568.5,4278.5,-107.67565,41.04859
4900720051,2222,2668.1,2726.2,2814.7,3609.4,3609.4,4099,4669.9,5134,-107.85763,41.03783
4900720052,1289.2,1677.2,1729.8,1887.5,2633.3,2633.3,3306,,4199.7,-107.80473,41.01228
4900720056,917.5,,,2013.6,,,,,,-107.79861,41.44262
4900720067,536.9,758.9,806,1187.8,1863.1,1863.1,2228.8,2960,3553.8,-107.70931,41.02697
4900720081,697,1021.4,1178.5,1467.5,2151.9,2151.9,2401.9,2778.5,3648.7,-107.59442,41.00538
4900720094,4593.2,5283.6,5445.6,5557.2,6474.9,6474.9,6992.4,7369.8,8161.7,-107.85733,41.22286
4900720101,1444.6,1584.7,1796.9,2126.4,2740.6,2740.6,3123.9,3639.5,4398.7,-107.64764,41.06320
4900720122,1813.8,2287.6,2358.5,2448.5,3295.3,3295.3,3863.3,4345,5116.4,-107.73284,41.24440
4900720125,1955.1,2713.6,,2795.7,3952.4,3952.4,4686.3,5123.2,5729.7,-107.82788,41.37531
4900720129,2736.5,3117.4,3206.4,3389.3,4199.5,4199.5,4661,5082.6,5748,-107.71861,41.13572
4900720131,3161.2,,3632.2,3745.7,4856.5,4856.5,5200.2,,6123,-107.90666,41.02405
4900720136,1213.3,1427,1493.3,1742.2,2473.6,2473.6,2771.4,,3589.3,-107.69976,41.03403
4900720142,1369.9,1488.6,1575,1880.9,2695,2695,2995.7,3411.5,4148.7,-107.69020,41.03778
4900720222,1605.4,2478.9,,2598.8,3809.9,3809.9,4502.7,5136.4,5807.2,-107.82558,41.40377
4900720228,2163.7,2886.6,,2966,4093.9,4093.9,4754.4,5279.8,5935.5,-107.82803,41.35351
4900720263,,1337,1462.4,1807.1,2409.1,2409.1,2673.6,3317.9,4142.4,-107.63260,41.06686
4900720268,4896.2,5491.9,5600,5714.4,6646.8,6646.8,7102.8,7566.5,8109.2,-107.85681,41.17959
4900720285,5166.9,5738.6,5850.2,5942.8,6798.5,6798.5,7414.9,7868.3,8566.4,-107.85195,41.11113
4900720308,2074,,2618.4,2739.6,3620.8,3620.8,4113,,4924.1,-107.87381,41.02901
4900720314,2216.6,2699.4,2751.2,2832.8,3722,3722,4277.4,4858.9,5457.1,-107.75686,41.25561
4900720319,3720.5,4302.7,4444.9,4507.5,5417.1,5417.1,5858.2,6342.9,7144.7,-107.80900,41.20140
4900720352,1274.8,1800.8,1848.8,1952.9,2780,2780,3286.5,3776.1,4645.5,-107.71125,41.23896
4900720405,1518.2,1994.4,2097.9,2216.1,3023.4,3023.4,3482.3,4097.7,4781.2,-107.71126,41.21723
4900720421,,1616.6,,2204.8,3821.4,3821.4,4635.8,5643.6,6655.5,-107.86668,41.56148
4900720425,392.7,971.7,,1902.3,3249,3249,4169.6,5184.9,6159,-107.80906,41.56116
4900720441,650,1752.3,,2291.9,3989.6,3989.6,4714.5,5779.8,6558.6,-107.88635,41.59042
4900720443,1089.9,1633.5,1680.8,1844,2592.3,2592.3,3111.1,3561.3,4435.6,-107.67518,41.17963
4900720451,1554.4,2212.7,,2778.6,3972.5,3972.5,4845.2,5451.1,6388.9,-107.88576,41.48925
4900720452,1719.6,2444.4,,2975.6,4111.7,4111.7,4988,5601.7,6449.5,-107.88645,41.47422
4900720482,2190.4,2779.3,,2819.6,3917.7,3917.7,4589.7,5079.2,5718.6,-107.80638,41.32620
4900720483,2747.9,3384.5,,3460.4,4565.2,4565.2,5191.6,5734.9,6300.1,-107.84472,41.32642
4900720495,2042.2,3031.2,,3247.2,4352,4352,5121.1,5809.2,6582.8,-107.88578,41.41624
4900720504,1222.6,1768.8,,2436.5,3594.7,3594.7,4445.5,5418.8,6071.9,-107.84727,41.48908
4900720512,,1191.4,,1354.6,2339.4,2339.4,2685.5,3163.9,4148.7,-107.63664,41.12302
4900720514,1153.6,1636.8,1707.9,1885.2,2664.4,2664.4,3172.5,3672.1,4425.5,-107.69209,41.20997
4900720521,1328.8,2019.2,,2617.7,3759.5,3759.5,4632.9,5330.3,6385.5,-107.86647,41.48912
4900720538,4498.3,5076.2,5132.6,5227.5,6138.1,6138.1,6792.7,7342.8,8032.9,-107.89035,41.27031
4900720541,,1661.2,,2163.4,3460.8,3460.8,4354.3,5210.6,6095.5,-107.86659,41.54692
4900720560,1580.2,2019.2,2081.1,2199.3,3012.3,3012.3,3540.7,4046.2,4759.9,-107.67304,41.15898
4900720578,3987.5,4395.9,4487.5,4642.7,5567.9,5567.9,6001.4,6623.8,7097.4,-107.85252,41.07067
4900720594,3103.4,4085.3,4157.3,4158.3,5214.7,5214.7,5798.8,6552.5,7129.4,-107.88269,41.32725
4900720644,2257,2676.3,2760.7,2901.4,3711.6,3711.6,4114.2,4693.8,5439.5,-107.72987,41.20250
4900720673,,,,,,,,,6003.7,-107.60004,41.64630
4900720675,,,,2532.1,3730.7,3730.7,4567.8,5344,6199.8,-107.84745,41.45260
4900720697,2935.6,3253.4,3431.9,3592.6,4394.7,4394.7,4784.9,5280.7,5921.8,-107.73041,41.14460
4900720700,4345.2,4767.5,4993.1,5119.2,5863.5,5863.5,6321.3,,7441.6,-107.78784,41.15923
4900720731,2392.2,2840.2,2879,3005.6,3812.9,3812.9,4188.6,4697.8,5480.6,-107.72024,41.18045
4900720734,1599.1,2431,,3081.8,4273.1,4273.1,4903,5651.5,6536.3,-107.90496,41.48928
4900720738,3228.2,3752.4,3844.6,3988.1,4778.6,4778.6,5142,5757.6,6422.3,-107.76917,41.17434
4900720740,,1765.1,,2326.6,3468.4,3468.4,4367.8,5403,6235.3,-107.84782,41.50355
4900720780,1975.2,2302.6,2402.9,2642.1,3373.5,3373.5,3671.5,,4872.2,-107.73143,41.05050
4900720795,2585.6,2967,3033,3159.7,4002.9,4002.9,4391.3,5120.9,5751.2,-107.74893,41.20327
4900720811,2494.3,2990.4,3059.9,3139.2,4114.2,4114.2,4791.4,5132.5,5891,-107.79657,41.28193
4900720983,,4980.4,5211.9,5290.9,6129.6,6129.6,6797.7,7568.2,8028.8,-107.91278,41.31862
4900720986,2096.3,2646.6,2684.9,2766.5,3649.2,3649.2,4222.2,4800.8,5479.4,-107.77216,41.28813
4900720996,2107.6,2535,2629.5,2781.4,3597.2,3597.2,3977.8,4457,5308.5,-107.71441,41.20069
4900720997,2351.8,2914.8,2952.8,2972.6,4016.2,4016.2,4641,5199.8,5861.1,-107.47332,41.17143
4900721029,,609.2,,1511.2,2774.2,2774.2,3758.2,4832.7,,-107.76700,41.54965
4900721148,5298.9,6016,6045.1,6145.9,7196.5,7196.5,7672.2,8120.4,8796.6,-107.90174,41.16693
4900721161,3566.5,4002.2,4126.5,4374.1,5093.1,5093.1,5565.8,6123.8,6708.8,-107.76820,41.11472
4900721226,1587,2507.3,,2544.6,3675.1,3675.1,4581.7,5130.2,5674.9,-107.80622,41.37702
4900721232,5090.7,5753.5,5812.3,5915.8,6956,6956,7398.6,7807.7,8520.3,-107.88483,41.17238
4900721249,1104.2,2019.3,,2795.7,3982.7,3982.7,4805.4,5589.9,6494.6,-107.88681,41.51936
4900721303,2531.3,3141.6,,3181.7,4224.4,4224.4,4915.2,5394.7,5982.8,-107.81659,41.31127
4900721306,762.8,1286,1390.1,1536.6,2299,2299,2754.8,3340.1,4131,-107.67582,41.20221
4900721375,,,,1970.4,3754,3754,4350.3,5507.6,6661,-107.80445,41.62594
4900721379,928,1949.7,,2442.2,3795.1,3795.1,4678.3,5561.8,6477.9,-107.89499,41.55391
4900721406,3919.5,4397.3,4576.7,4771.1,5510.4,5510.4,5986.5,6599.6,7078,-107.79960,41.13215
4900721407,3388,3838,3997.4,4261.9,5032.7,5032.7,5395.1,5920.8,6599.8,-107.76602,41.12798
4900721409,4091.2,4508.4,4638,4881.7,5626.2,5626.2,6098.8,6698.9,7185.9,-107.80478,41.12851
4900721423,817,1301,1371.3,1545.8,2347.5,2347.5,2853.7,3383.3,4131.7,-107.68491,41.21727
4900721527,1916,,,,,,,,,-107.79502,41.03608
4900721609,461.9,1462,,2170.5,3977.1,3977.1,4773.3,5878.5,6872.6,-107.85761,41.63340
4900721625,,1477.5,,2039.3,3351.9,3351.9,4222.7,5263.7,6144.1,-107.82764,41.53328
4900721713,3842.9,4470.4,4574.6,4726.9,5540.5,5540.5,5982.9,6536.2,7161.3,-107.77998,41.16603
4900721743,3307.1,4260.1,4396.4,4480.8,5479.7,5479.7,6128.3,6743.8,7346.7,-107.89361,41.32306
4900721754,4972.5,5927.9,5993.7,6070,6925.5,6925.5,7440.9,7929.9,8674.5,-107.89333,41.23167
4900721776,4427.2,5316.4,5516.7,5557.3,6249,6249,6954.3,7545.5,8262.6,-107.91222,41.27528
4900721799,2053.9,,2591,2643.8,,,,,4940.4,-107.86615,41.02164
4900721808,4131.2,5259.4,5497.4,5555.4,6204.4,6204.4,6801.4,7398.5,8146.7,-107.91191,41.29054
4900721862,2349.2,3105.9,,3651.9,4694.9,4694.9,5553,6155.8,6991.6,-107.91472,41.43111
4900721966,1351.8,,1819.3,2013,,,,,,-107.76833,41.03444
4900721973,,,,,6834.4,6834.4,7442.2,,8773.6,-107.90428,41.23953
4900721974,274.5,1029.9,,1798.2,3818.5,3818.5,4558.2,5819.7,6755.2,-107.77222,41.65500
4900721975,1016,,1440.7,1591,,,,,,-107.78055,41.02888
4900722027,,1724.4,,2202.9,3399,3399,4109.2,4846.9,5637.9,-107.81000,41.43056
4900722133,462,1125.6,,2012.8,3776.9,3776.9,4353.1,5503.9,6863.9,-107.80583,41.62222
4900722240,2558.4,3179.2,3230.6,3307.5,4178.3,4178.3,4856.8,5220.7,6032.9,-107.80442,41.28870
4900722241,3255.6,3982,4020,4120.3,5093.4,5093.4,5656.9,6245.5,6828.2,-107.85018,41.30003
4900722275,1357,2238.6,,2346.8,3484.8,3484.8,4350.4,4876.5,5577.9,-107.80893,41.40217
4900722279,4385.7,4956.9,5031.1,5117.7,5953.4,5953.4,6252.2,6846.6,7608.7,-107.79783,41.18786
4900722283,3441.6,3800.2,4007.9,4156.3,4971.1,4971.1,5383.5,5801.4,6552.1,-107.76100,41.15078
4900722319,801.2,1836.2,,2487.9,4225.4,4225.4,5144.1,5972.2,6901.5,-107.91291,41.61984
4900722332,,6116.7,6257.1,6360.5,7168.4,7168.4,7773.8,8206,8910.6,-107.90183,41.10901
4900722337,2809.2,3291.7,3358,3521.2,4366.5,4366.5,4741.8,5398.4,6090.8,-107.76223,41.19653
4900722343,3422.8,4098.2,4182.6,4242.5,5223,5223,5875.9,6442.8,7067.6,-107.87306,41.31139
4900722346,,1843.1,,2178.7,3410.2,3410.2,4343.6,4980.9,5805.5,-107.81852,41.45314
4900722350,,1978.1,,2390.9,3495.9,3495.9,4332,4969.2,5657.4,-107.81819,41.41668
4900722360,788,1714.1,,2431.1,4183.3,4183.3,5035.9,5945.7,7014.3,-107.89631,41.63339
4900722364,518.9,1574.1,,2271.5,3995.1,3995.1,4847.2,5784.8,6910.1,-107.88359,41.62320
4900722388,3059.4,3440.2,3605.3,3765.7,4575.9,4575.9,4992.8,5461.2,6088.7,-107.73636,41.13078
4900722389,,,1072.9,1300.9,2116.7,2116.7,2602.6,3123.1,3878.4,-107.68245,41.22643
4900722392,1771.5,2748.8,,2860.3,3992.3,3992.3,4729.2,5231.5,5938.8,-107.84379,41.39552
4900722436,1917.6,2665.2,,3129,4253.4,4253.4,4885.6,5871,6498.8,-107.90041,41.46346
4900722453,1882.9,2293.7,2383.8,2589.2,3312.1,3312.1,3664.3,4209.8,4852.8,-107.76166,41.04871
4900722454,2941.2,3379.6,3478.1,3689.1,4409.2,4409.2,4801.9,5294,5887,-107.75915,41.06478
4900722517,4802.2,5360.7,5450.7,5576.6,6306.7,6306.7,6754.9,7321.8,8072.5,-107.83871,41.16654
4900722583,3374.7,3823.5,3985.3,4241.4,4978.4,4978.4,5338.8,5991.9,6466.3,-107.74995,41.10168
4900722610,,2973.7,,3394.9,4447.9,4447.9,5275.2,,6663.5,-107.90187,41.43447
4900722630,4275.4,4742.5,4920.9,5183,5818.4,5818.4,6274.9,6858.6,7429.5,-107.80136,41.15232
4900722661,4503.2,5048.6,5154.9,5321.9,6008,6008,6462.9,7231.5,7768.5,-107.81880,41.14678
4900722720,660.9,1596.5,,2211.2,4045.6,4045.6,4772.9,5813.1,6867,-107.89043,41.60988
4900722740,888.9,1216,1387.5,1567.4,2369.4,2369.4,,,,-107.75780,41.02294
4900722749,,3539.8,,3751.7,5002.3,5002.3,5560.5,,6825.2,-107.90695,41.39735
4900722752,,,,,,,,,7235.5,-107.82334,41.23184
4900722759,414,1366,,2140.9,4058.5,4058.5,4928.5,6377,7215,-107.84337,41.65778
4900722773,2300.8,3060.2,,3680.2,4923.3,4923.3,5613.8,6398.2,7167,-107.92540,41.45266
4900722796,774.8,1672.6,,2300.2,3939.5,3939.5,4689,5596.5,6574.3,-107.88143,41.54293
4900722809,702.1,1220.5,1350.9,1680.4,2320.8,2320.8,2658.4,3181.8,4183.5,-107.63506,41.10202
4900722860,798.5,1692.3,,2360,4040.9,4040.9,4805.4,5665.4,6680,-107.89029,41.58622
4900722886,,1378,,1826.4,3681.5,3681.5,4500.1,5557.2,6803.6,-107.81534,41.60737
4900722914,4986.6,5753,5779.5,5889,6937.3,6937.3,7355,7910.5,8469.4,-107.88375,41.18155
4900722915,5063.3,5539.9,5697,5808.7,6756.8,6756.8,7254.8,7837.5,8396.9,-107.87357,41.18148
4900722925,324.1,1244.3,,1963.9,3861.8,3861.8,4615.4,6030.4,6842.4,-107.81589,41.64109
4900722947,2817,3424.9,3467.4,3534.2,4540.7,4540.7,5043.6,5608.7,6247,-107.81723,41.28891
4900722976,3174.5,3667.9,3783.2,3966.1,4743.9,4743.9,5070.1,5701.3,6378.3,-107.76170,41.16499
4900723012,,,,,,,,6319.7,7126,-107.85157,41.28266
4900723052,1585.8,2258.2,,2743.4,4042.8,4042.8,4752.2,5587.6,6266.1,-107.84915,41.43401
4900723065,3453.9,3881.1,4049.4,4326,5149.3,5149.3,5546.1,5995,6608.1,-107.75259,41.13263
4900723250,2672.5,3044.8,3231,3538.7,4323.7,4323.7,4826.5,5399.5,6149.1,-107.72253,41.17092
4900723255,4193.8,4711.5,4875.6,5018,5854.3,5854.3,6304.7,6989.2,7497.4,-107.81466,41.11823
4900723297,,,,,5603,5603,6174.4,6693.2,7354,-107.88624,41.29291
4900723389,,,,,,,,,6317,-107.86941,41.40135
4900723392,3383,3936.2,3976.6,4070.5,5094.4,5094.4,5608.8,5911.5,6789.4,-107.83395,41.28585
4900723394,1649.2,2332.9,,2958.2,4270.4,4270.4,5068,5913.8,6975.7,-107.88367,41.49581
4900723406,,4529.9,4628,4720.1,5687,5687,6323.9,6689.8,7488,-107.87192,41.27769
4900723409,,,,,5909.5,5909.5,6413.7,,7609,-107.87619,41.26684
4900723424,,1731.2,,2208.8,3395.3,3395.3,4240.2,5197.8,5917.4,-107.81766,41.48835
4900723438,,1916.9,,2579.1,,,,5771.1,6927,-107.90022,41.56755
4900723445,2455.7,3067.2,,3113.5,4146.3,4146.3,4917.6,5495.1,5967.4,-107.81836,41.32088
4900723534,2944.3,3657.2,3703.3,3790,4803.8,4803.8,5308,5863.4,6579.2,-107.84745,41.30679
4900723633,2255.1,3323.6,3483.9,3544.1,4684,4684,5156,5702,6405.7,-107.86029,41.35835
4900723742,3886.1,4424.3,4477.1,4556.2,5619.1,5619.1,6130,6650.3,7345.7,-107.86208,41.28572
4900724075,,,3823.9,3920.1,,,,,6699.1,-107.82824,41.29519
4900724177,366.3,1046.2,,1559,2998.9,2998.9,3535.4,4813.5,5279,-107.76724,41.45979
4901305023,2840.3,,,3761.9,5550.5,5550.5,,,,-107.70895,42.26362
4901305024,2975.6,,,3690.7,5239,5239,,,6802.4,-107.69437,42.26355
4901305026,1895,,,,3254,3254,,,3970.3,-107.99652,42.26855
4901308391,2543.1,3173.2,,3539.8,4784.9,4784.9,5100.4,,,-108.06850,42.26410
4901320151,,,,,,,,,,-107.99044,42.26763
4901321741,,,,,3371.3,3371.3,,,4106.1,-107.85600,42.27089
4903705031,3166.2,,,3811.5,,,,,,-108.01988,41.00634
4903705039,5562,,,6586.2,7222.7,7222.7,7764.5,,9303.5,-108.40270,41.00996
4903705073,6014.4,,,6859.6,7826.7,7826.7,8422.6,,9175.5,-108.30131,41.03407
4903705103,3092.1,,,,4161.3,4161.3,,,5059.1,-108.58866,41.05085
4903705129,2041.9,,,,3000.4,3000.4,,,3856.2,-108.59304,41.08716
4903705136,1755.9,,,,2828.9,2828.9,,,3738.2,-108.59059,41.10167
4903705154,2033.8,,,,3022.8,3022.8,,,4004.6,-108.59294,41.11981
4903705160,,,,,,,,,3742,-108.61314,41.13000
4903705175,6882.9,8248.7,,8727.8,9976.4,10099,10247.1,10647.3,11296.4,-108.56147,41.17580
4903705199,2594,3489.6,,3750.6,5083,5083,,,6235.3,-108.62682,41.21239
4903705242,5526.5,6740,,7163.9,,,,,,-108.03275,41.30705
4903705243,,,,,3603.4,3603.4,,4171.8,4647.1,-108.70497,41.30879
4903705256,,,,,,,,,1762.8,-108.80397,41.35437
4903705297,,,,,,,,,1089.7,-108.76873,41.41166
4903705355,2811.4,4351.4,,4762.3,5697.6,5697.6,5977.6,6694.6,7376.5,-108.36379,41.51143
4903705357,3026.9,4181.8,,4811.2,6000.7,6000.7,6347,7024.7,7620.2,-108.32763,41.51320
4903705368,1318.5,2621.4,,2812.8,3633.1,3633.1,3988.2,4509.7,4942.3,-108.43362,41.52780
4903705384,1289.6,,,2987,3809.1,3809.1,4166.3,4562.6,5104.9,-108.44801,41.54232
4903705387,683.4,,,2005.7,2724,2724,,3314.3,4094.2,-108.51997,41.54235
4903705420,1242.6,,,2842.3,3750.7,3750.7,4023,4602.3,5089,-108.46858,41.55408
4903705435,458,1689.1,,1842.2,2480.3,2480.3,,3046.2,3828.8,-108.51519,41.56048
4903705496,888.4,2176.9,,2301,3150.4,3150.4,3630.3,4078.7,4659.1,-108.41920,41.58212
4903705549,611.4,1964.1,,2153.2,2950.7,2950.7,3167.6,3855.5,4397.8,-108.44816,41.60024
4903705571,,1382.1,,1453.4,2242,2242,,3035.4,3780.1,-108.49585,41.61146
4903705580,,,,,,,,,2862.9,-108.54891,41.61485
4903705583,1212.5,2257.5,,2554.8,3850.2,3850.2,4482.5,5139.7,5881.2,-108.29375,41.62172
4903705598,,,,888.5,1594.3,1594.3,,2056.1,2865.2,-108.56346,41.62208
4903705604,,,,1862.5,2664.5,2664.5,3000.2,3356.4,4216.6,-108.45295,41.62559
4903705614,,1814.1,,2567.6,3663,3663,4134.5,4586,6008.7,-108.48883,41.91516
4903705650,,,,,2662.6,2662.6,,3262.6,4101.2,-108.45295,41.64007
4903705652,424.4,1810.4,,1926.1,2775.3,2775.3,3060.1,3645.6,4354.4,-108.43883,41.64004
4903705654,,,,,,,,1370.2,2278.5,-108.58762,41.63981
4903705662,,,,1464.9,2204.1,2204.1,,3078.7,3858.6,-108.48839,41.62801
4903705664,,1559.4,,1671.4,2446.6,2446.6,2751.7,3166.6,3902.8,-108.46742,41.64372
4903705665,,1373.9,,1490.2,2266.5,2266.5,,3050.6,3734.2,-108.47707,41.64374
4903705666,,,,1408,2103.9,2103.9,,2937.9,3750.3,-108.49228,41.64377
4903705676,,,,1245,1950.8,1950.8,,2598.6,3500,-108.50549,41.64740
4903705680,,531.9,,622.3,1283.4,1283.4,,1644.2,2484.2,-108.57795,41.64748
4903705681,245.1,,,1132,1724.9,1724.9,,2275,2948.7,-108.54531,41.64782
4903705691,,1212.7,,1338.6,2099.2,2099.2,,2892.4,3699.3,-108.49546,41.65464
4903705692,,,,1101.3,1750,1750,,2411.4,3136.7,-108.53446,41.65468
4903705698,,437.2,,533.5,1185.3,1185.3,,1519,2369.2,-108.58283,41.65831
4903705699,,,,871.8,1487.3,1487.3,,1861.8,2799.9,-108.56344,41.65833
4903705700,,,,660.9,1409.2,1409.2,,1715.6,2614.6,-108.57316,41.65831
4903705701,,,,,453.2,453.2,,,1221.5,-108.64503,41.65845
4903705713,,2477.4,,2979.4,4232.3,4232.3,4864.5,5619.4,6462.5,-108.24289,41.66232
4903705723,,,,,353.8,353.8,,,1144.8,-108.63544,41.66568
4903705736,,1329.5,,1571.7,2534.8,2534.8,,3177.2,4067.8,-108.45064,41.67084
4903705740,,,,385.9,832.9,832.9,,,1439.9,-108.62456,41.67197
4903705744,,,,,1632.9,1632.9,,2190.5,2892.6,-108.55388,41.67281
4903705747,,,,486,1025.6,1025.6,,,1512.5,-108.61704,41.67372
4903705748,,,,502.7,968.1,968.1,,,1783.4,-108.62154,41.67593
4903705751,,,,662.2,1164.4,1164.4,,1649,2389.2,-108.57798,41.67645
4903705758,,1830,,2168.2,3157.5,3157.5,3463.6,4263.4,5148.4,-108.38066,41.67983
4903705759,,1115.7,,1235.8,1993,1993,,2573.3,3547.3,-108.51034,41.68001
4903705771,588.1,2016.5,,2372,3510.1,3510.1,3835.7,4455.8,5398.7,-108.34678,41.68685
4903705773,620,2038.2,,2477.5,3624,3624,3974,4708.4,5715.8,-108.31292,41.69087
4903705776,,,,855.9,1404.9,1404.9,,1856.5,2613.7,-108.58287,41.69456
4903705781,301.1,1359.2,,1557,2410.6,2410.6,,3044.1,4087.3,-108.45108,41.69971
4903705782,,999.4,,1211.5,1961.6,1961.6,,2426.7,3415.7,-108.50797,41.69988
4903705783,,1020,,1413.8,2259.8,2259.8,,2954.7,3846.9,-108.47000,41.69985
4903705785,231.7,,,1115,1667.7,1667.7,,2088,2996.2,-108.54904,41.70179
4903705788,,,,328.3,765.4,765.4,,814.7,1650.5,-108.62093,41.70272
4903705794,,,,,,,,495,1197,-108.64511,41.71257
4903705798,,,,797.2,1299.8,1299.8,,1836,2595.6,-108.58413,41.71535
4903705801,,785.9,,826.1,1345.4,1345.4,,1960.8,2800.6,-108.57725,41.72082
4903705804,,,,1528.4,2436.9,2436.9,,3231.1,4119.5,-108.45060,41.72168
4903705806,,,,,623.7,623.7,,847.4,1693,-108.62543,41.72716
4903705808,,,,,1093.6,1093.6,,1727.8,2433.5,-108.59484,41.72887
4903705811,,,,1518.4,2348.5,2348.5,,3252.1,4178.5,-108.45066,41.73615
4903705812,,,,1733.1,2582.8,2582.8,,2900.2,4406.6,-108.43391,41.73783
4903705828,,2028.6,,2618.8,3966.3,3966.3,4466.8,4970.9,6477.8,-108.27365,41.75995
4903705833,,,,1509.3,2268.3,2268.3,,2809.2,3994.6,-108.49605,41.76807
4903705836,,1163,,1654.7,2472.8,2472.8,2534.9,3165.7,4301.4,-108.47793,41.77618
4903705846,,839.1,,1160,1566,1566,1569.2,1912.2,2677.8,-108.66285,41.79900
4903705851,,1835.8,,2422.6,3777.2,3777.2,4241.7,4671.5,5907.7,-108.36799,41.80922
4903705863,,,,,4562.2,4562.2,5010,,7332.5,-108.27114,41.84812
4903705865,650.4,1276.9,,1889.8,2527.8,2527.8,,3290.7,4628,-108.53324,41.85680
4903705868,417.9,1073.3,,1501.3,2114.1,2114.1,,2870.5,3577,-108.62988,41.86052
4903705871,395.9,,,1082.2,1334.7,1334.7,,1531.2,2292.9,-108.74030,41.87524
4903705877,,,,,,,,,8039.7,-108.52684,41.38472
4903705879,310.9,,,889.2,1084,1084,,1234.2,2024.9,-108.79819,41.88983
4903705894,1278.5,,,,,,,,,-107.85096,41.91280
4903705895,1462.8,2969.1,,3858.9,5922.1,5922.1,6634.5,7735.4,,-107.99057,41.91622
4903705910,1811.1,3726,,4223.7,,,,,,-107.79610,41.95948
4903705918,318.7,1590.7,,2196,2818.8,2818.8,,3172.7,4402.9,-108.72597,41.97660
4903705924,,2790.5,,3515.3,4948.8,4948.8,,5958.9,,-108.45015,41.98703
4903705930,533.6,1874,,2387,2992,2992,,3338.6,4486.1,-108.78385,42.00171
4903705934,3433.2,5359.3,,5971.8,,,,,,-107.54000,42.05358
4903705939,3548.1,,,,,,,,,-107.93233,42.11900
4903705953,3651.1,,,,,,,,,-108.16096,42.20654
4903705960,3377.1,,,,4789.5,4789.5,5104.3,,6692.8,-107.65224,42.22368
4903705963,2209.4,,,,4969.8,4969.8,,,6009.1,-107.94657,42.22796
4903705966,2564,,,,4875,4875,,,6351,-107.87373,42.23108
4903706246,,,,,4436.3,,,,,-108.21431,42.25400
4903706363,,,,,,,,,5268.4,-108.57831,41.13411
4903706364,,,,,,,,,736.5,-108.65982,41.55692
4903706371,3262.8,4452.5,,4949.3,,,,,,-107.75738,42.01399
4903706374,1707,,,,,,,,,-107.93316,41.94529
4903706376,,,,1499.5,2174,2174,2247.3,2808.2,3997.6,-108.51544,41.80431
4903706380,1949.5,,,,,,,,,-107.90909,41.98509
4903706386,5125.9,,,5965.9,6898.7,6898.7,7498.3,,,-108.30211,41.00562
4903706397,2763,,,,5286.3,5286.3,,,8478,-107.88838,42.21298
4903706398,3098.7,,,,,,,,,-108.44235,42.23260
4903706401,,,,,,,,2922,3662.1,-108.50070,41.61829
4903706419,5773.6,6244.3,,6696.2,7637.5,7637.5,7924.3,8225.2,8881.7,-108.18738,41.03547
4903706461,3547.4,5925.1,,6503.1,8424,8424,,,,-108.10432,42.14693
4903707015,,,,744.6,1272,1272,,1530.9,2388.7,-108.60207,41.68009
4903720004,,,,,,,,,6629.7,-108.44032,41.92546
4903720005,1255.4,2925.6,,3790.2,5197.5,5197.5,,5881.1,6693.5,-108.68212,42.06332
4903720010,3893.2,4261.8,4355.8,4463.7,,,,,,-107.94857,41.01651
4903720035,5976.8,,,6844.6,7789.1,7789.1,,,,-108.24951,41.03486
4903720047,,,,1224.1,1880.6,1880.6,,2348.1,3300.6,-108.52007,41.64047
4903720052,541.4,,,1931.7,2512.6,2512.6,2638.8,3209.7,4546.5,-108.47684,41.79004
4903720064,1158.4,3021,,3818,4920.9,4920.9,5027.6,6129.1,7467.8,-108.59042,42.04516
4903720076,,,,,657.6,657.6,,1274.2,1861.5,-108.61192,41.72768
4903720080,498.5,1386.2,,1966.2,2716.1,2716.1,2860.8,3544.2,4859.6,-108.42832,41.77508
4903720097,,1462.8,,1615.9,2298.9,2298.9,,3057.1,3758.4,-108.51042,41.58220
4903720105,,964.8,,988.7,1445.8,1445.8,,1985.9,2775.2,-108.57323,41.70878
4903720110,2404.9,,,,,,,,,-107.93806,42.05381
4903720111,3120.3,,,,,,,,,-107.81084,42.03210
4903720112,3351.8,,,,,,,,,-107.92754,42.10090
4903720159,,1384,,1733.9,2710.2,2710.2,2800.5,3507.1,4656.7,-108.40483,41.70158
4903720172,,,,1859.5,2525.3,2525.3,2680.4,,4519,-108.47676,41.81872
4903720174,,,,950.1,1547.5,1547.5,,,2851.3,-108.58548,41.75553
4903720176,410.4,1163.3,,1294.4,1921.2,1921.2,,2583.4,3299.4,-108.57100,41.78086
4903720184,1955.7,3914.5,,4559.4,,,,,,-108.04949,42.01859
4903720193,1231.3,2948.5,,3766.2,5103.8,5103.8,,5874.4,7061.5,-108.70656,42.08140
4903720194,,,,1041.8,1708.4,1708.4,,2225.2,3053.8,-108.53450,41.69448
4903720198,,,,,5017,5017,,5693.8,6196.1,-108.66038,41.30853
4903720201,570,2219.5,,2794.4,4105.4,4105.4,4574.6,5510.3,6347.5,-108.25517,41.69672
4903720203,,2037.9,,2531.7,3863,3863,4426,5062,6332.3,-108.31959,41.80545
4903720205,641.1,1753.6,,2474.5,3780,3780,4165,4720.8,5964,-108.37769,41.84913
4903720206,728,2189.4,,2803.6,4397.4,4397.4,4939.3,5602.4,6994.2,-108.19409,41.76146
4903720215,,1457.1,,2188.5,3128,3128,3702.4,4283.4,5087,-108.52281,41.89300
4903720217,,,,1164.7,1880.8,1880.8,,2529,3344.9,-108.53942,41.71990
4903720226,994.2,,,2142.9,2668.6,2668.6,,2914.5,3479.3,-108.68341,41.40491
4903720232,,,,863.9,1362,1362,,1901.9,2640,-108.57867,41.70228
4903720242,,,,1443.9,2204,2204,,2715.6,3806.6,-108.50328,41.74818
4903720261,2183.7,,,3398.7,3829.3,3829.3,,4082.3,4585.4,-108.62576,41.43374
4903720275,2986.8,,,4091.6,4664.1,4664.1,,4851.2,5420.9,-108.62572,41.40838
4903720281,1190,2456.9,,3273.7,4675.2,4675.2,5131.9,5832.7,7648.7,-108.37778,41.94713
4903720295,1128.8,2347.5,,3329.4,5308.4,5308.4,6313.4,7740.7,9390,-107.85584,41.84051
4903720315,4779,,,5643.6,6649.3,6649.3,7039.3,,7774.3,-108.20167,41.01671
4903720324,,,,,5012.1,5012.1,5456.4,6026.6,7892.4,-108.34897,41.95455
4903720326,3047.7,,,4143.7,4695.7,4695.7,,5061.7,5782.3,-108.65555,41.38110
4903720332,1057,2260.1,,2917.9,4503.4,4503.4,5285.9,6100.3,7106.4,-107.97500,41.62841
4903720336,4241.8,7261.1,,7805.5,9577.9,9577.9,9861.9,11361.9,12414.4,-108.25365,42.22893
4903720337,879.7,2345.7,,2711.6,4113.9,4113.9,4638.5,5369.3,6108.3,-108.27910,41.66521
4903720338,,,,891.9,1275.5,1275.5,1294.8,1556.3,2234.7,-108.68219,41.78812
4903720353,,2035.1,,2772.7,4229.5,4229.5,4843.6,5629.5,6643.2,-108.21645,41.72556
4903720354,1115.4,2356.4,,3184.7,5242.4,5242.4,6280.7,7694.7,9645.9,-107.83101,41.83009
4903720358,10116.6,11663.8,,12128.5,,,,,,-108.31493,41.23524
4903720361,521.5,,,,,,,,1862.4,-108.83045,41.30366
4903720373,759.5,,,2247.5,3080.5,3080.5,3392,3810.7,4443,-108.49148,41.55681
4903720386,1589.8,,,3854.4,5576.2,5576.2,5940.8,6848.4,8534.8,-108.31001,41.97868
4903720394,,2038.3,,2887.9,4114.4,4114.4,4559.3,5094.6,6061,-108.57596,41.96914
4903720412,,,,,,,,,1746.3,-108.79335,41.37247
4903720418,1234,,,2321.1,2893.7,2893.7,,3084,3677.2,-108.60421,41.46100
4903720422,,,,,,,,,1661.9,-108.75419,41.38694
4903720448,3517.6,,,,6509,6509,,,9660,-107.89308,42.19487
4903720452,,,,,1626.8,1626.8,,2250,3058.6,-108.54908,41.71991
4903720460,10563.2,,,,,,,,,-108.43980,41.15908
4903720480,647.1,2234.6,,2779.4,4278.5,4278.5,4955.7,5618,6708.8,-108.19229,41.70387
4903720494,3267.9,4519,,4996.8,7211.5,7211.5,,,,-107.73787,42.00666
4903720501,7782.5,9127.8,,9753.3,,,,,,-108.27975,41.36601
4903720502,,,,2993.6,4248.7,4248.7,4443.9,,6123.6,-107.63696,42.21335
4903720509,,7792.4,,8483.8,9593.5,9593.5,,,,-108.18470,41.37956
4903720528,,,,924.5,1464.9,1464.9,,2170,2844.5,-108.56354,41.70180
4903720564,,,,,,,,,1991.6,-108.77230,41.34318
4903720567,,,,1280,2134.3,2134.3,,2725.9,3636.9,-108.48932,41.69990
4903720573,,,,1295,2163.5,2163.5,,2860.7,3640.9,-108.48936,41.71439
4903720579,,1199.2,,1325.9,2143.6,2143.6,,2763.5,3744.2,-108.49165,41.67274
4903720581,,,,1353.1,2274.5,2274.5,,2945.4,3809.7,-108.48960,41.73618
4903720593,,,,1310.3,2036.6,2036.6,,2750,3474.7,-108.50800,41.72164
4903720597,,1115.4,,1256.3,2031.1,2031.1,,2746.1,3493,-108.50026,41.66546
4903720598,5558,,,6426.3,7268.1,7268.1,7922.3,,8739,-108.35025,41.01330
4903720601,,1121.7,,1749.4,2387.1,2387.1,2510.7,3044.7,4318,-108.52275,41.83504
4903720614,,1128.7,,1258.7,2051.2,2051.2,,2617,3559.9,-108.50052,41.67234
4903720632,,,,,5477.7,5477.7,,6343.2,7234.1,-108.37510,41.50240
4903720634,3477,,,,,,,,,-107.91778,42.12621
4903720653,,1055.9,,1193.7,1919,1919,,2350.3,3298.8,-108.52000,41.68722
4903720656,,1183.6,,1378,2262.3,2262.3,,2886.2,3741,-108.48199,41.67272
4903720657,,,,,,,,,7649.6,-108.25663,41.87349
4903720659,,1274.6,,1498,2388.5,2388.5,,3089.1,3926.3,-108.47234,41.66546
4903720671,,,,,,,,,2019.1,-108.76817,41.35795
4903720672,,1014.7,,1153.4,1851.8,1851.8,,2360.9,3184.8,-108.52489,41.69089
4903720700,,867.2,,994,1594,1594,,2121.4,2881.9,-108.56841,41.69091
4903720701,2221,,,3688.8,4128.6,4128.6,,4550.1,5038.9,-108.59452,41.43920
4903720708,,,,786.6,1260.4,1260.4,,1729,2474.9,-108.59241,41.68733
4903720716,,2322.5,,,4067.2,4067.2,4836.9,,6583.8,-108.32928,41.84531
4903720718,,,,2727.8,3995.7,4000.1,4731.9,5188.1,6756,-108.37774,41.88897
4903720727,,,,921.3,1468.5,1468.5,,1936.9,2727.4,-108.57830,41.69080
4903720732,,,,1013.5,1681.9,1681.9,,2294.7,3038,-108.53931,41.69449
4903720734,,,,2899.3,4359,4359,4584.7,5708.2,6668,-108.30064,41.84457
4903720735,,,,995.4,1572.5,1572.5,,2147.4,2751.2,-108.56431,41.69091
4903720736,,,,719.3,1250.8,1250.8,,1833.6,2483.3,-108.59259,41.71989
4903720745,,,,1019.4,1564.1,1564.1,,2049.4,2806.6,-108.54833,41.69399
4903720750,,,,2705.5,4166.6,4166.6,4587,5227.3,6652.3,-108.35353,41.87437
4903720763,4748.1,6105,,6596.8,7689.6,7689.6,8229.9,8874.2,9530,-108.21073,41.47682
4903720767,4956.2,6244.3,,6372.2,7471.4,7471.4,7558.8,8014.2,8382.9,-108.61822,41.33740
4903720782,6561,8013.7,,8450.7,9481.6,9481.6,9750.3,10019,10718.4,-108.45400,41.32783
4903720787,1629.6,3353.6,,4205,5819.7,5819.7,,7005.9,8636,-108.35197,42.01230
4903720793,5907.8,6700.2,6839.1,6896.3,7808.5,7808.5,8282.4,8817.1,9468.1,-107.95071,41.12206
4903720794,,,,2874,5060,5060,5917,8323,10021.8,-107.53841,41.80222
4903720798,1603.6,3095,,3530.3,4408.1,4408.1,4661.6,5395.1,5914.6,-108.39512,41.52415
4903720799,1758.1,3164.4,,3501.9,4932.8,4932.8,5532,6156.2,6975.5,-108.19121,41.62481
4903720810,,,,948.9,2846.1,2846.1,3938.6,5458,6974.1,-107.63868,41.67594
4903720825,,3913.2,,4627.7,6981.5,6981.5,7687.7,9710.4,11305.8,-107.67321,41.90401
4903720850,1358.8,,,3781.4,5312.8,5312.8,5727.9,6553.9,,-108.35356,41.97970
4903720851,1905.5,3670.8,,4403,6149.7,6149.7,6243,7260,9305.2,-108.36651,42.03766
4903720852,2432.3,4499.7,,5165.5,6727.6,6727.6,6961.2,8290.8,10130.8,-108.30210,42.07045
4903720861,1741,3451.8,,4287.7,5960.6,5960.6,6097.7,7194.2,9064,-108.35195,42.02679
4903720873,1243.1,2662.3,,2798.1,3615.4,3615.4,3925.8,4428.4,4929.7,-108.43844,41.53504
4903720878,,3060.5,,3732.8,5480.8,5480.8,6030.6,7363.7,8740.1,-108.18617,41.94052
4903720889,,,,817.2,2675.2,2675.2,3703.9,4931.9,6558.5,-107.57145,41.68989
4903720895,,,,,1761.4,1761.4,,2395.6,3155,-108.53752,41.72132
4903720902,,,,,3806.5,3806.5,4239.6,4756.2,6105.8,-108.42858,41.88377
4903720919,,1145.7,,1407.4,1994.1,1994.1,,2555.9,3886.1,-108.59522,41.80982
4903720921,1937.5,3268.9,,3470.4,4545.5,4545.5,5059.3,5447.1,6251.6,-108.36136,41.56392
4903720928,1344.3,,,,3680.4,3680.4,,4468.3,5025.7,-108.43909,41.52074
4903720941,,4065.8,,4944,7197.9,7197.9,7931.5,9407.9,11557.6,-107.55761,41.87472
4903720943,,3137.6,,3974.9,5364.8,5364.8,5558.6,6573,8221.9,-108.44769,42.02141
4903720947,9150.9,10205,,10750.4,11875.9,11875.9,12236.1,12719.7,13341.6,-108.20830,41.15703
4903720952,,,,3610.6,5605.2,5605.2,6078.4,7517,8626.6,-108.09908,41.88272
4903720953,6710.6,8201.9,,8674.5,9652.1,9652.1,10015.5,10397.8,10874.9,-108.47343,41.31331
4903720954,,,,1777.7,3831.2,3831.2,5030.2,6334.3,7810.5,-107.67724,41.70525
4903720957,3015.3,4239.9,,4623.6,5434.9,5434.9,5888.7,6108.7,6914.5,-108.42149,41.46805
4903720961,1591,3262.4,,4084.6,5716.8,5716.8,6253.1,7223.7,8912.7,-108.25377,41.97599
4903720972,,,,564.4,1017.3,1017.3,,1455.3,2192.4,-108.60457,41.69331
4903720975,1697.2,3338.8,,4106.3,6126.9,6126.9,6841.4,7799.9,,-108.04174,41.94766
4903720995,,985.5,,1263.9,1728.5,1728.5,,2089.4,3100.3,-108.63171,41.81152
4903721008,,4917.6,,5845.7,7827.8,7827.8,8095.8,9316.7,12093.8,-108.18802,42.12136
4903721011,716.2,2069.3,,2580,3562.9,3562.9,3620.7,4441.7,5646,-108.59296,41.95594
4903721024,,,,,4544.1,4544.1,5517,7493,8723.4,-107.61609,41.77333
4903721025,3255.5,4408.2,,4894.2,7195.7,7195.7,,9587.7,12386,-107.71225,41.99040
4903721026,,3590.6,,4114,6322.9,6322.9,,8516.6,10959.6,-107.84821,41.94711
4903721028,7142.5,8737.7,,8960,9964,9964,10452.2,10784.1,11320.7,-108.46439,41.29869
4903721034,,2490.2,,3541.3,5457.4,5457.4,6323.3,8022.3,9648.7,-107.82861,41.84595
4903721035,790.3,2227.9,,2859.3,4543.6,4543.6,4923.9,5712,6828.4,-108.19639,41.77417
4903721046,2388.7,4466.2,,5368.6,6864,6864,6944.7,8459,10455.4,-108.36868,42.09464
4903721047,2384.3,4526.9,,5105.5,6723.7,6723.7,6940,8199.3,9816.9,-108.28491,42.06511
4903721051,,,,3658,5789.1,5789.1,6647,8047.6,9624.4,-107.86791,41.87479
4903721055,4354.4,5452.5,,6098.1,7256.3,7256.3,7661.3,8123.4,9066.4,-108.27017,41.48920
4903721064,6031.7,7396.8,,7658.7,8556.5,8556.5,9129,9709.6,10360.8,-108.02338,41.24576
4903721071,4780.9,6121.2,,6322,7114.7,7114.7,7698.1,8395.6,9050.7,-107.94336,41.27089
4903721086,,,,,2851.3,2851.3,3855.5,5199.3,6208.7,-107.67739,41.66161
4903721096,2497.8,4687.2,,5765.1,7456,7456,7594.3,8807.5,11215.6,-108.28476,42.11445
4903721098,1933.3,,,,,,,,,-108.20472,42.25379
4903721144,,3818.8,,4514.7,6637.1,6637.1,,7861.2,10424.3,-108.03427,42.00714
4903721149,650.1,1354.2,,2098,3059.1,3059.1,3282.3,3527.2,5099.1,-108.46271,41.83259
4903721150,725.3,2219.6,,3098.5,5392.4,5392.4,6221.5,8185.9,9992.5,-107.55778,41.81681
4903721152,1753.3,3578.1,,4510.4,5991.6,5991.6,6048.5,7399.3,8973.1,-108.41020,42.04127
4903721167,2716.7,3690.9,,4376.6,5629.2,5629.2,6404.4,6875.9,7804.6,-108.03986,41.51797
4903721179,1603.8,3143.4,,3495.6,5006.1,5006.1,5485.6,6129.7,7123.6,-108.17511,41.62617
4903721185,1561.4,3054.5,,3950.7,5642.2,5642.2,6211.4,7208.9,8820.5,-108.26598,41.96745
4903721186,1815,3801.5,,4396.3,6521.6,6521.6,6732.5,8261.1,10344.4,-108.05366,41.99251
4903721194,6898.7,8519.6,,8870,9856.1,9856.1,10162.7,10465.8,11125,-108.45504,41.31327
4903721224,3786.1,4921,,5250.1,6231.5,6231.5,6913.1,7577.1,8136.5,-107.94024,41.34089
4903721228,2493.2,4475.3,,5337.1,6874.7,6874.7,6951.5,8533.2,10506,-108.34917,42.09451
4903721246,10298.5,11675.2,,12091,13207.2,13207.2,13679.5,14072.7,,-108.34879,41.26006
4903721272,,,,1074,2163.3,2163.3,2478.9,2657.1,3183.5,-108.58224,41.51679
4903721279,2549.1,4901,,5949.4,7504.4,7504.4,7563.7,8734.8,11066.9,-108.36636,42.14357
4903721290,,,,,5502.2,5502.2,5795.5,6710.6,8387.5,-108.32942,41.98332
4903721292,7027.2,8380.6,,8688.2,10109.1,10109.1,10405.4,10708.5,11147.6,-108.58875,41.27751
4903721293,2473.1,4691.6,,5809.7,7402,7402,,8924.4,11212.8,-108.29401,42.12138
4903721308,1027.5,2546.6,,3361.8,5613.8,5613.8,6291.2,8365,9954.4,-107.62583,41.81009
4903721309,3194.2,6045.3,,6767.6,8463.5,8463.5,,9528.4,12645.5,-108.35090,42.21190
4903721320,1497.9,3287.4,,3948.6,5683.2,5683.2,6234.7,7126.3,9014.5,-108.20771,41.96399
4903721329,1939.6,3917,,5160.5,6250.1,6250.1,6539,7877,9483.3,-108.54752,42.14113
4903721335,1912,3800.2,,4745.6,6405.4,6405.4,6548.8,7845.4,9621.8,-108.36650,42.07023
4903721343,5679.9,7158.1,,7456.5,8510.8,8510.8,8717.1,9203.9,9610.7,-108.52127,41.34213
4903721344,1427.2,,,3914.5,5488.7,5488.7,,6631.4,8471.5,-108.36327,41.99650
4903721357,5564.3,6543.1,,7339.8,9459.9,9459.9,,11567.7,15016,-107.73070,42.11357
4903721358,,2585.1,,3474.6,5475,5475,6228.7,7562.3,8889.3,-107.98377,41.86060
4903721361,1384.3,3180.6,,4006,6355.1,6355.1,7237.9,8955.6,10499.9,-107.82869,41.89589
4903721362,931.5,2752.4,,3622.8,5861.2,5861.2,6848.4,8665.8,10243.6,-107.75118,41.86035
4903721368,1063.9,,,,,,,,,-107.73193,41.84586
4903721374,5350.6,6553.2,,7283.4,8429.9,8429.9,8788.8,9472.4,10125,-108.27011,41.44608
4903721378,1055.2,,,,,,,,,-107.80919,41.87486
4903721380,10227.1,,,,,,,,,-108.32431,41.15344
4903721381,2550,5107.6,,5872.5,7635,7635,7741.2,8985.2,11367.7,-108.27562,42.12166
4903721383,8117.9,8938.4,,9379.4,10474.5,10474.5,10786.9,11162.9,11828,-108.10089,41.14003
4903721392,2474.1,4164.8,,5119.7,7078.3,7078.3,7408.1,8612.3,10569.3,-108.20746,42.05132
4903721401,,,,,,,,,9060.1,-108.28520,41.99333
4903721407,2735.9,3570.6,,4250,5476,5476,6170.9,6758.1,7703.8,-108.00095,41.47498
4903721408,2777.1,3565.3,,4246.8,5453.8,5453.8,5999.5,6848.1,7690.1,-107.98162,41.46769
4903721415,1200,2830.2,,3568.3,5327.6,5327.6,5859.8,7274.3,8484,-108.19586,41.91883
4903721444,2076.1,4113.2,,4917.6,6587,6587,6701.7,7796.5,9758.1,-108.34635,42.07022
4903721456,,,,3613.8,5578.8,5578.8,6142.3,7607.9,9075,-108.02248,41.87492
4903721458,1359.1,2704.8,,3534.6,5499.6,5499.6,6106.6,7432.1,8857.7,-108.04181,41.86044
4903721463,,,,,5024.8,5024.8,5588.9,6199.4,7960.7,-108.33174,41.95616
4903721464,5006.6,6336,,6698.2,7580.3,7580.3,8353.8,8853.8,9489.1,-108.02043,41.32975
4903721472,4049,5463.7,,5675,6447.9,6447.9,6807.5,7170.2,7825.1,-108.51902,41.39565
4903721473,3796,6141.7,,6848.1,8643.7,8643.7,,10649.5,13179.9,-108.17438,42.17231
4903721488,,5070,,5726.8,8028.4,8028.4,,8924,12440.4,-108.03498,42.11151
4903721489,,2885.8,,3786,6083.5,6083.5,7069.4,8835.7,10484.1,-107.75113,41.88984
4903721497,3803,6750.4,,7109,8782.6,8782.6,,9845.3,12537.2,-108.35017,42.22934
4903721514,3150.4,5886.8,,6663.5,8337.8,8337.8,,9769.2,12354.4,-108.34984,42.20077
4903721524,3793.7,6254.6,,7028.8,8823.4,8823.4,8934.6,10502.6,12955.6,-108.29317,42.19979
4903721536,,5544.1,,6324.6,7899.4,7899.4,,9180.3,11392.3,-108.34957,42.17098
4903721555,,,,,,,,,2610.3,-108.58492,41.70000
4903721566,3185.2,,,4053.7,5108.8,5108.8,,,,-108.08195,41.00965
4903721569,1058.6,2330,,3376,4602.5,4602.5,,5859.7,6865,-108.59441,42.01261
4903721576,,,,,1574.2,1574.2,,2205.7,3006.3,-108.56528,41.72228
4903721584,7681.3,8731,,8917,9912.3,9912.3,10261.7,10682.3,11337,-108.05855,41.07102
4903721587,1685.9,3630.2,,4660.9,6178,6178,6233.2,7088.7,9227,-108.44526,42.06665
4903721609,1667.4,3351.4,,4090.6,6174,6174,,7471.5,10075.6,-108.02227,41.96200
4903721621,,1897.8,,2612.2,3775.7,3775.7,4242.1,4591.6,5816.2,-108.57596,41.95466
4903721626,1304.9,2871.5,,3602.2,5136.7,5136.7,5675.4,6336.7,8379.6,-108.30708,41.95336
4903721633,3364.1,4294.3,,4963.2,7258,7258,,9591.1,12356.7,-107.78647,42.01038
4903721636,11265.4,12620,,13186.3,14442.5,14442.5,14785.1,15131.8,15820.4,-108.34331,41.14697
4903721637,2118.4,3769.8,,4705.6,6602,6602,6821.9,8254.3,10193.5,-108.20747,42.03632
4903721641,1542.7,3431.6,,4139.2,5356.5,5356.5,,6829.1,8183.5,-108.51816,42.04151
4903721643,9768.6,11115.1,,11545.8,12710.5,12710.5,13064.5,13460.4,14099.9,-108.24684,41.12377
4903721664,1291.9,2880.6,,3655.7,5382.9,5382.9,5894.4,6935.9,8754.6,-108.21758,41.93143
4903721671,612,,,2111.7,3152.9,3152.9,3528.3,3990.9,4843.8,-108.37092,41.62191
4903721672,81.3,966.6,,1997.2,3825.9,3825.9,4990,6552.2,8310,-107.61991,41.73331
4903721681,,2898.6,,3687,5386.6,5386.6,6010.4,7292.3,8393.1,-108.21532,41.90431
4903721685,8133.1,8994.4,,9438.7,10499.7,10499.7,10803.6,11165,11832.3,-108.05486,41.07449
4903721686,6352,7726.9,,8386.3,9624.2,9624.2,10193.4,10980.1,11544.3,-108.24340,41.40783
4903721704,1851.2,3680.2,,4344,6528,6528,6607,7747.7,10402.5,-108.01490,41.99260
4903721716,2432.1,4627.3,,5199.8,6854.9,6854.9,7117.8,8388.3,10231.9,-108.26549,42.06510
4903721718,,1574,,2353.4,4338.5,4338.5,4989.1,6511.7,7397.9,-107.86731,41.69141
4903721755,1398,2901.6,,3543.5,5539.9,5539.9,6194.7,7727.9,8875.7,-108.06128,41.87496
4903721765,1362.5,2932.7,,3593.9,5279.3,5279.3,5702,6705.8,8351.4,-108.28551,41.93855
4903721776,5426.7,6494.4,,7225.1,8391.8,8391.8,9048.5,9647.1,10163.8,-108.25090,41.44556
4903721785,4646.1,5536,,5807.7,6526.1,6526.1,7187.3,7791.4,8527.8,-107.92200,41.28409
4903721790,,,,,,,,5545.2,7349.5,-108.40199,41.93574
4903721791,1391.3,2922.9,,3660.2,5346.2,5346.2,5803.9,6620.7,8295.7,-108.29030,41.95300
4903721797,2279.8,4363.6,,5018.3,7158.3,7158.3,,8357.5,11186.6,-108.00086,42.04285
4903721843,678.5,,,2133,3165.8,3165.8,3593.3,3940.4,4881.4,-108.38061,41.61833
4903721849,5222,6774.8,,7064.9,8357.7,8357.7,8873.5,9341,10075.9,-108.36371,41.41729
4903721856,,,,800.6,1417.7,1417.7,,,1996.8,-108.60206,41.67647
4903721860,8420.8,9250.2,,9749.4,10846.7,10846.7,11090.5,11510.4,12169.1,-108.11794,41.12715
4903721882,2954.7,3715.1,,4246.3,5316.3,5316.3,6145.3,6745,7433.7,-107.94352,41.41645
4903721894,1618.9,3481.9,,4155.7,6144.2,6144.2,6845.1,7589.3,9982.3,-107.99336,41.93346
4903721898,4591.3,5679.4,,6466.2,7522.2,7522.2,8115.5,8764.1,9520.5,-108.15220,41.46190
4903721905,2555.9,4535.9,,5234.1,7364.4,7364.4,,9568.2,11774,-107.92346,42.04252
4903721911,,7460.4,,8182,9358.3,9358.3,9718.8,10141.1,10828,-108.36724,41.38581
4903721917,,2380.9,,2898.2,4477.8,4477.8,5088.1,5795.7,6822.8,-108.14437,41.67677
4903721923,2402.5,4317.5,,5599.9,6893.9,6893.9,7142.5,8565.3,10347.6,-108.56085,42.20182
4903721926,,7819.6,,8405,9806.9,9806.9,10240.4,10980.9,11610.7,-108.19480,41.38711
4903721955,1167,2670.8,,3414.2,4601.2,4601.2,4798.9,5587.4,6252.8,-108.71393,42.03966
4903721960,3904.5,4843.6,,5582.2,6860.8,6860.8,7500.8,8014.2,8805.9,-108.11634,41.48908
4903721965,8535.9,9669.1,,10201.5,11485,11485,11947.8,,12801.3,-108.50341,41.24087
4903722031,5397.3,6895.9,,7111.8,8026.8,8026.8,8511,9063.1,9796.1,-107.98731,41.25911
4903722057,,3899.9,,4552.1,6166.6,6166.6,,6954.3,8264.2,-108.73168,42.15857
4903722066,698.1,2228.6,,2426.1,3244.1,3244.1,3565.3,4147.5,4786.9,-108.43368,41.59301
4903722073,,,,428,1027.3,1027.3,,1348.1,2117.1,-108.60211,41.66561
4903722103,8186,9237.2,,9435.8,10353.7,10353.7,10788,11249.8,11866.2,-108.07728,41.08918
4903722125,,,,2166.8,4174.7,4174.7,5389,6702,8380.9,-107.67648,41.73246
4903722134,347.5,1223.8,,1681.4,2628,2628,2860.2,,4169.5,-108.44100,41.67390
4903722148,,1898.9,,2645.7,4386.8,4386.8,5307.1,7514.9,8743.9,-107.63543,41.75888
4903722150,1420,2782.3,,2959.7,3998.9,3998.9,4488.6,4872.1,5643.5,-108.37137,41.56757
4903722185,4490.9,5487,5743.6,5770.8,6650.4,6650.4,7189.3,7667,8527.8,-107.92113,41.29766
4903722213,672.2,1856.3,,2130,3240.3,3240.3,3682,4064.8,4955.3,-108.36126,41.62186
4903722254,6558.9,7528.9,,7643.3,8718,8718,9096.9,9596.7,10230.9,-108.01061,41.18656
4903722280,7237.1,8113,8247.4,8320.9,9162.3,9162.3,9727.3,10179.7,10860,-108.01682,41.12918
4903722304,6491.1,7327.1,,7546.9,8565.9,8565.9,8982.8,9492.3,10054.1,-108.00895,41.20162
4903722309,99.2,,,1333.6,2411.9,2411.9,2642.8,,3778.1,-107.62592,42.25598
4903722326,6459.4,7783.5,,8057.2,8973.2,8973.2,9499.1,9951,10759.3,-108.05787,41.24143
4903722329,,,,,,,,9578.8,10314.7,-108.00757,41.14549
4903722330,7348.4,8153.5,8396.8,8473.1,9298.3,9298.3,9773,10356.2,10985,-108.03727,41.13059
4903722333,4027.6,5089.6,5272.1,5381,6208.9,6208.9,6748.6,7396.2,8116.2,-107.92036,41.31987
4903722343,7464,8389.2,,8579.1,9609.8,9609.8,9930.3,10591.7,11155,-108.01711,41.09395
4903722423,3892.5,4371.8,4416,4488,5592.2,5592.2,6019.4,,6825.4,-107.98194,41.00944
4903722431,,322.9,,421.6,1062.4,1062.4,,1493.7,2230.6,-108.59199,41.65889
4903722470,8395.4,9189.7,,9724.7,10804,10804,11105.1,11604.4,12139.3,-108.12851,41.15153
4903722502,,,,1103,1740.2,1740.2,,2270.8,3132.9,-108.53449,41.63291
4903722526,,2269.9,,3139.7,5112.9,5112.9,6000.1,7083.7,8212.8,-107.98374,41.77343
4903722542,2190.2,3315,,3714.6,4685.9,4685.9,5117.6,5362,6161.4,-108.41903,41.49499
4903722548,2287.9,3371.2,,3877.7,5052.7,5052.7,5386.5,5998.5,6863.3,-108.31840,41.56775
4903722564,,652.6,,692.8,1348.5,1348.5,,1787.1,2613,-108.58540,41.73566
4903722578,1784.8,2900.5,,3500.7,5027.1,5027.1,5777.8,6522.4,7437.5,-108.04927,41.61955
4903722649,5948.4,6716.4,6814.4,6912.4,7849.4,7849.4,8235.1,8870.5,9473.4,-107.96590,41.19441
4903722681,721.5,2201.2,,2759.5,4051.5,4051.5,,,,-108.30228,41.81769
4903722685,6152,7527.1,,7821.9,8819,8819,9431.5,10069,10545,-108.04485,41.26202
4903722722,,,,780.4,1402.6,1402.6,,1846.7,2705.1,-108.58607,41.72882
4903722738,,2011.8,,2964,4913,4913,5981.8,7487.4,8883.8,-107.87687,41.81034
4903722776,6231.4,7032,,7172.2,8279.2,8279.2,8646.8,9127.3,9775.3,-107.98862,41.20337
4903722808,1364.6,2880.2,,3590.7,5255.4,5255.4,5728.3,6658.2,8059.4,-108.23552,41.89702
4903722847,1591.2,3391.7,,4234.2,5685.4,5685.4,,6990.5,8955.6,-108.36345,42.01584
4903722860,2292.7,4428.7,,5444.9,6950.6,6950.6,7066.7,8375.8,10554.3,-108.42550,42.12868
4903722864,,2030,,2873.5,4661.4,4661.4,5469.6,6371.1,7407.2,-107.98309,41.68529
4903722873,,1993.7,,2553.8,3787.4,3787.4,4356.1,4781.6,5960.7,-108.33168,41.78881
4903722874,6102.9,7140.2,,7736,8882.2,8882.2,9605.6,9879.2,10634,-108.09299,41.32183
4903722900,1849.2,3764.8,,4553.3,5997.2,5997.2,6036.7,7245.7,8968.6,-108.39623,42.03359
4903722901,1969.7,3731,,4653.5,6112.1,6112.1,,7497.8,9323.1,-108.38121,42.04479
4903722907,,,,,,,,,10818,-108.12261,41.35563
4903722912,6146.2,7529.6,,7791.5,8720.7,8720.7,9346,9811.8,10497.5,-108.03677,41.24939
4903722919,7646,9100.1,,9296.7,10531.6,10531.6,10923.8,11356.4,11711.4,-108.54121,41.27760
4903722936,,2251.9,,2899.6,4734,4734,5437.5,6304.7,7407.2,-108.00219,41.70817
4903722937,,533.1,,601.5,1327.8,1327.8,,1645.6,2524,-108.57748,41.65843
4903722971,,,,8384,9471.5,9471.5,9949.2,10595.5,11436.6,-108.15849,41.35566
4903722986,6313,7129.4,,7257,8365.8,8365.8,8725.2,9258.7,9894.6,-107.99085,41.21656
4903722991,8031.6,9004.5,,9260.8,10326.2,10326.2,10605.8,11069.7,11692.5,-108.06681,41.09266
4903722999,6214.9,7436.5,,7944.9,9074.9,9074.9,9623.9,10101.1,10814.6,-108.09359,41.30385
4903723007,1321.2,2928.3,,3626.6,5151.8,5151.8,5698.6,6366.6,8345,-108.32085,41.96346
4903723025,6247.6,7458.2,,7924.9,9059.5,9059.5,9654.7,9950.7,10715.7,-108.06418,41.27610
4903723032,6092,7106.6,,7157.4,8129.7,8129.7,8661.3,9282,9826.5,-107.99107,41.22521
4903723037,8810.7,10042.6,,10428.2,11480.5,11480.5,11858.4,12387.6,13071.1,-108.19145,41.16739
4903723069,5978.6,7139.6,,7813.5,8855.2,8855.2,9424.5,10044.3,10824.7,-108.13370,41.37802
4903723092,6745,7880.5,,8598,9622,9622,10186.5,10676.5,11488.2,-108.14721,41.32715
4903723169,8346,9301.9,,9630.3,10754,10754,10996.9,11442.9,12034.3,-108.14167,41.07350
4903723220,2525.8,3467.6,,3950.9,4994.9,4994.9,5555.4,6492.4,7306.2,-107.93521,41.43943
4903723252,,,,,,,,,,-108.21538,41.90470
4903723279,6288.6,7078.3,7119.2,7187.3,8170.3,8170.3,8587.9,9265.3,9846.2,-107.97689,41.16050
4903723300,2025.2,3806.9,,4610.7,6342.9,6342.9,6462.6,7470.9,9485.3,-108.36588,42.04648
4903723301,2012.6,3736,,4591.7,6171,6171,,7443.1,9269,-108.37861,42.05082
4903723398,,,,,,,,,5011.7,-108.36474,41.63051
4903723413,975.7,2286.1,,2404.7,3237.9,3237.9,3705.4,4065.2,4687.5,-108.40671,41.57533
4903723419,1714.1,3609.4,,4442.9,5941.1,5941.1,5973.2,7180.2,8929.8,-108.39750,42.02631
4903723424,671.5,2181.9,,2632.2,4332.3,4332.3,5007.9,5858.9,7037.9,-108.12571,41.72796
4903723432,5356.8,,,5779.2,7832.5,7832.5,,8919.1,12702.5,-107.74004,42.17694
4903723473,2595.1,3448.9,,4044.2,5429.3,5429.3,5996.1,6828.6,7687.1,-107.99721,41.49369
4903723485,,2012.7,,2914.3,4819.6,4819.6,5450.2,6623.8,7776.6,-108.00209,41.74190
4903723513,694.5,2394.5,,2969.1,3916.4,3916.4,4023.1,4792.8,6214,-108.61275,41.99342
4903723527,9102.8,10106.1,,10604.6,11737,11737,12100.6,12478.1,13143.4,-108.17655,41.14374
4903723553,2180.5,4070.3,,4841.2,6386.4,6386.4,6634.6,7744.6,9946.8,-108.29185,42.04915
4903723564,,3057.8,,4116.1,5500.7,5500.7,,6510.9,7721.8,-108.61273,42.07165
4903723582,,1483.7,,2155.5,3145.7,3145.7,3685.7,4137.6,5126.6,-108.49400,41.87459
4903723591,3944.1,4987,,5626.3,6940.1,6940.1,7593.9,8010.3,8933.8,-108.13556,41.48938
4903723606,,2278.4,,2910.5,4862.3,4862.3,5636.9,6426.6,7553.3,-108.09032,41.77420
4903723607,,2300.3,,3186.4,5208.6,5208.6,5726.2,7319,8303.9,-108.03216,41.81001
4903723622,867.9,2301.1,,2925.9,4665.3,4665.3,5486,6258.4,7473.3,-108.13116,41.77589
4903723629,3076,,,4187.9,5262,5262,,,6924.9,-107.68836,42.25336
4903723643,1110.6,2293.9,,3229.9,5286.5,5286.5,6158.9,7157.8,8482.8,-108.00275,41.80974
4903723696,695.4,1978.3,,2731.3,4063.2,4063.2,4524.7,5284,6599.4,-108.34341,41.85193
4903723713,792.8,2112,,2817.6,4696.2,4696.2,5391.1,6368.8,7825.9,-107.97284,41.71415
4903723725,2993,3891.2,,4528.1,5835.4,5835.4,6494.4,7114.3,7996.9,-108.02994,41.48925
4903723759,1693.8,3578,,4138.8,6157.9,6157.9,6828.6,7836.3,9747.1,-108.12087,41.97231
4903723763,881,2366.1,,3019.3,4517.7,4517.7,5033,5793.4,7104.7,-108.30750,41.87971
4903723828,894.3,2373.6,,3027.5,4656,4656,5417,6307.7,7502.9,-108.18682,41.79590
4903723837,2044.3,2725.8,,3290.4,4722.8,4722.8,5312.5,6009.7,6800.5,-107.93373,41.48948
4903723843,1391.8,2517.9,,3498.9,5389.4,5389.4,6199.2,7438.3,8813.6,-108.01198,41.83823
4903723845,674.7,2161.2,,2695.2,4208.8,4208.8,4790.7,5447.3,6808.9,-108.24455,41.77435
4903723860,703.3,2235.3,,2794.9,4480.3,4480.3,5142.8,6045,7054.5,-108.10641,41.70552
4903723871,7630.8,9153.5,,9244.7,10493.9,10493.9,10787.9,11294.8,11671.7,-108.55045,41.27740
4903723884,,2128.9,,2727.5,4202.5,4202.5,4722.1,5317.6,6777.8,-108.24472,41.75986
4903723886,,1764.8,,2340.2,3456.4,3456.4,4029.6,4555.9,5545.1,-108.36965,41.76778
4903723903,,2133.3,,3160.3,5164.1,5164.1,5907.7,7195.1,8372,-107.99419,41.79558
4903723909,1693.8,3558.2,,4104.8,6187.6,6187.6,6841.5,7808.4,9799.7,-108.10860,41.96548
4903723925,1469.7,2467.2,,3164.5,4878.7,4878.7,5655.8,6392.4,7351.2,-108.04061,41.64162
4903723933,1019,2361.7,,3210.2,5113.1,5113.1,5917,7278.7,8519.4,-107.96500,41.82472
4903723970,1711.6,2686.1,,3412.8,5015.3,5015.3,5836.9,6358.3,7414.7,-108.03217,41.61350
4903723971,,1991.7,,2910.5,4847.1,4847.1,5525,6696.2,7903,-107.98296,41.74203
4903723977,,2264.7,,2980.3,4680.4,4680.4,5361,6281.5,7264.9,-108.04952,41.67719
4903723978,,2407.3,,2925.5,4683.3,4683.3,5346,6200.3,7205.7,-108.05913,41.67720
4903723991,1430.4,2721.2,,3498.6,5429.3,5429.3,6205.4,7521.6,8863.9,-108.01812,41.86366
4903724007,781,2288.5,,2824,4579.6,4579.6,5244.4,6236.3,7408.7,-108.05800,41.69861
4903724018,,2542.9,,3441.4,5471.5,5471.5,6219.2,7601,8924.5,-107.96444,41.86055
4903724036,1415.4,2868.1,,3746.4,5828,5828,6490.1,7672.5,9447.2,-107.98083,41.90388
4903724062,,1926.2,,2429.8,4415.8,4415.8,5153.4,6114.7,7915.9,-107.91762,41.69428
4903724063,,2123.2,,2856.8,4614.6,4614.6,5432.5,6130.2,7265,-108.01167,41.66694
4903724064,,2122.4,,2859.1,4611.3,4611.3,5447.8,6376.9,7379.8,-108.01167,41.66694
4903724065,1068.8,2419.3,,3265.7,5291.8,5291.8,6136.3,7660.2,8883.8,-107.92500,41.83917
4903724072,,2212.2,,3106.5,5123.2,5123.2,5977.7,6984.9,8471.8,-107.96389,41.77333
4903724076,5078.3,6511.5,,6724.4,7529.3,7529.3,8093.6,8765.2,9415.1,-107.96194,41.27056
4903724099,,2080.6,,2376.6,3447.2,3447.2,3861.2,4527.5,5293.6,-108.34521,41.64847
4903724110,1059,2306,,3220,5280,5280,5712,7125,8157.8,-108.07027,41.81011
4903724127,6860.6,7794.7,7930.8,7993.5,8854,8854,9428.8,10064.3,10595.2,-108.00287,41.13155
4903724132,6003.4,7336.1,,7654.9,8744.8,8744.8,9203.2,9883.6,10398.8,-108.04083,41.27806
4903724185,8084.8,9127.3,,9555.2,10710.6,10710.6,11258.1,,12205.1,-108.14139,41.18194
4903724186,1219.4,2497.8,,3383.5,5437.3,5437.3,6219.7,7851.1,8971.5,-107.94528,41.86056
4903724230,909.4,2113.8,,2777.9,4603.8,4603.8,5236.9,6389.9,7275,-108.03028,41.68417
4903724233,763.6,2202.9,,2577.3,3713.5,3713.5,4106.5,5033.2,5670.1,-108.30964,41.65709
4903724237,7930.5,9193,,9642.1,10855,10855,11357.4,,12234.7,-108.14667,41.18806
4903724250,,,,,,,,,,-108.13889,41.17556
4903724260,6580,7497.5,7628.4,7691,8559.7,8559.7,9050.3,9606.6,10265.6,-107.99361,41.12944
4903724304,,,,,8600.6,8600.6,9024.6,9623.3,10220.8,-107.99250,41.13450
4903724311,937.5,1985.8,,2873.3,4964.4,4964.4,5775.2,6816.2,8246.3,-107.96444,41.75972
4903724314,707.1,2213.2,,2761.3,4297.5,4297.5,4965.2,5414,6832.2,-108.19444,41.73472
4903724333,983.2,2084.1,,2862.4,4968.1,4968.1,5733.6,7011.9,8229.8,-107.95433,41.75163
4903724337,10743,12024,,12511.9,13637.9,13637.9,13935.2,14387.8,14911,-108.48500,41.16777
4903724352,5780.7,7001.4,,7291.1,8238.7,8238.7,8821,9322.3,10074.7,-108.02138,41.30027
4903724354,8773.7,9821.6,,10301.1,11414.6,11414.6,11775,12143.7,12793.9,-108.15888,41.14000
4903724371,,1606.5,,2297,4261,4261,4928.9,6424.6,7766.8,-107.86861,41.68417
4903724379,740.7,2221.5,,2791.1,4296.4,4296.4,4993.6,,6841.7,-108.19527,41.73694
4903724432,7209.6,8265.2,,8749.9,9663.5,9663.5,10193.6,10674.6,11447.8,-108.09325,41.22683
4903724451,669.1,2215.3,,2805.6,4256.3,4256.3,4732.9,5897.1,6994.1,-108.25416,41.79583
4903724480,,2266.8,,3153.7,5092.8,5092.8,6085.1,7503.8,8638.7,-107.95539,41.80974
4903724482,9373,10427,,10928.8,12043.9,12043.9,12314.7,12776.6,13346.1,-108.17333,41.10737
4903724494,,2684.9,,3232.3,,,,,,-108.49556,41.98583
4903724499,,2094.8,,2869,4940.6,4940.6,5691.9,6829.1,8006.6,-107.94509,41.74481
4903724502,1755.1,3374.2,,4186.7,5924.7,5924.7,6078.7,6838.9,8943,-108.32528,42.00750
4903724512,5061.2,6141.1,,6853.6,7917.5,7917.5,8336.6,8800.8,9555.4,-108.32491,41.44589
4903724513,4879.6,6233.6,,6823.8,7780.4,7780.4,8261.8,8707,9287.6,-108.37302,41.42978
4903724520,,2249.1,,2975,4888.8,4888.8,5553,6684.1,7807.4,-107.97238,41.72812
4903724552,1248.1,2725.9,,3550.9,5500.5,5500.5,5967.9,7421.5,8530.3,-108.08020,41.86071
4903724563,3405.2,4577.7,,5197.6,6484,6484,7142.9,7781.4,8603.8,-108.02901,41.44618
4903724579,2772.5,3549.5,,4148.1,5319.7,5319.7,5989.9,6585.7,7380.1,-107.97193,41.46096
4903724592,4852.7,5999.5,,6736.8,7847,7847,8225.8,8931.4,9517.3,-108.29594,41.46117
4903724614,1027.4,2345,,3168.6,5310.2,5310.2,6193.6,7248.4,8803.2,-107.92547,41.80951
4903724645,5175.7,6609.1,,6949.2,7988.4,7988.4,8454.3,8838.9,9207.1,-108.50195,41.35648
4903724671,,2104.2,,2852.1,4544.4,4544.4,5214.8,5804.9,7187.6,-108.14808,41.75234
4903724713,517.1,1624.6,,2407.6,4381.6,4381.6,5123.3,6415.6,7639.5,-107.87778,41.70889
4903724737,971.5,2335.4,,3156.6,5111.8,5111.8,5954,7676.4,8542,-107.95556,41.82417
4903724754,,,,3844.7,5417,5417,5857.8,6629.2,8471.2,-108.33839,41.98306
4903724769,1382.6,2669.3,,3535.8,5465.7,5465.7,6077.4,7487.1,8727,-108.04260,41.85293
4903724778,778.6,2327.8,,2792.6,4556.3,4556.3,5205,6141.2,7256.6,-108.09744,41.72783
4903724780,755.6,2340.5,,2872.2,4597,4597,5291.5,6131,7461.5,-108.07834,41.71325
4903724807,7284.9,8041.5,,8303.7,9286.4,9286.4,9737.3,10303.7,10984.1,-108.05108,41.16244
4903724808,,,,,3986.7,3986.7,,,4885.4,-107.93208,42.25678
4903724819,2387.8,3574.8,,4168.1,5651.8,5651.8,6392.8,7050.9,7810.2,-108.10683,41.57583
4903724821,,,,,,,,,,-108.19642,41.75424
4903724840,570.2,,,,,,,,2315.1,-108.70994,41.41074
4903724851,1968.3,3135.4,,3707.9,5274.4,5274.4,5993.7,6594.6,7514.8,-108.08783,41.59756
4903724869,1004.9,2061.7,,2708.7,4510.7,4510.7,5289.6,6189.2,7167,-107.97264,41.64130
4903724876,1269,2325.5,,3004.8,4689.1,4689.1,5432,6255.4,7252.8,-108.00090,41.62597
4903724884,732.7,2312.5,,2795.9,4307,4307,4791.9,5513.1,6708,-108.17533,41.70621
4903724891,8420.8,9433.1,,9694.1,10811.3,10811.3,11067.6,11582.3,12111.9,-108.10428,41.10256
4903724896,1456.5,2412.3,,3069.7,4723,4723,5570.2,6141.4,7231.7,-107.96288,41.58338
4903724900,5302.2,6469.5,,7116.4,7924.8,7924.8,8434.5,8876,9212.7,-108.48237,41.37080
4903724909,,,,,,,,6238.7,,-107.93324,41.66273
4903724914,1195.8,3034.3,,3575.2,4985.4,4985.4,5333.5,6141.4,7929.7,-108.44770,42.00016
4903724925,,,,,,,,9268.7,9587.3,-108.55901,41.34996
4903724934,2455.5,3544.8,,4145.4,5587.9,5587.9,6326.5,6995.2,7712.8,-108.12585,41.59752
4903724951,5417.5,6644.1,,6991.6,8118.7,8118.7,8587,9274.5,9911.6,-108.06386,41.33960
4903724959,1373.4,2991.5,,3643.4,5604.7,5604.7,6286.8,7856.7,8989.6,-108.05169,41.88199
4903724963,3672.2,4420.3,,5235.3,6545.5,6545.5,7247,7762.8,8569.2,-108.11688,41.51803
4903724971,,,,,,,,,9019.2,-108.10891,41.91881
4903724974,1133.9,2460.2,,3312.7,5360.4,5360.4,6221.4,7862.1,9053.5,-107.90724,41.84540
4903725027,,2937.1,,3556.9,,,,,,-108.52296,42.00167
4903725048,,4132,,4919.8,6092.2,6092.2,6868,7363.9,8120.9,-108.05900,41.51087
4903725052,3640.9,4597.7,,5237.4,6594.7,6594.7,7205.6,7622.9,8586.2,-108.06909,41.48886
4903725055,8087.5,9602.2,,9750.9,10964.2,10964.2,11382.8,11757.8,12224.2,-108.53194,41.26333
4903725061,2022.8,3546.7,,3894.4,5390.4,5390.4,6090.4,6852.9,7571,-108.14618,41.60405
4903725097,3997.7,5132.2,,5832.9,6987.8,6987.8,7387.1,7898.5,8601.2,-108.30598,41.48964
4903725099,,2424.2,,3236.1,5309.2,5309.2,6087.1,7727.9,9060.6,-107.93549,41.84618
4903725116,1030.2,2191.2,,2775.7,4489.5,4489.5,5256,5962,6984.2,-107.95682,41.60781
4903725124,1106.1,2457.3,,3266.9,5353.4,5353.4,6089,8006.2,9014.5,-107.93692,41.85029
4903725138,,2230.6,,2662.4,4243.6,4243.6,4898.7,5486,6819.6,-108.19525,41.71971
4903725161,6041.6,7151.1,,7210.4,8138.1,8138.1,8720.6,9284.1,9961.9,-107.99926,41.23253
4903725162,5753.7,7127.4,,7366.5,8260.6,8260.6,8706,9432,10015.5,-108.00912,41.24678
4903725172,672.8,2209.5,,2774.8,4379.7,4379.7,5028.9,5878.2,7193,-108.11622,41.72018
4903725175,2116.7,4054.7,,4741.3,6942.8,6942.8,,8109.3,10838.3,-108.01911,42.02496
4903725180,,2303.4,,2872.3,4344.9,4344.9,4882.9,5762.8,6712,-108.19391,41.69173
4903725188,1214,2517.2,,3064.9,4743.8,4743.8,5363.7,6210.6,7192,-108.07836,41.66999
4903725200,1673,3283.6,,4196,,,,,,-108.47508,42.03774
4903725215,,3381.9,,4119.4,,,,,,-108.50419,42.03780
4903725220,942.8,2328.7,,2895.6,4398.7,4398.7,5067.9,5600.7,6677.2,-108.18428,41.67002
4903725232,972.1,1971.1,,2731.3,4507.1,4507.1,5329.4,6177.2,7107.1,-107.96296,41.62015
4903725233,639.2,2373.4,,2826.2,4354.3,4354.3,4989.1,5646.5,6667.8,-108.19598,41.70624
4903725237,2026,3878.6,,4769.9,6421.7,6421.7,6620.4,7776.4,9908.4,-108.27303,42.02713
4903725242,1683.6,3300.6,,4059.7,6104.7,6104.7,6802.8,7863.9,9637.2,-108.08008,41.95489
4903725244,2609.4,3488.1,,4144.6,5570.3,5570.3,6311.2,6942.7,7693.4,-108.06899,41.54707
4903725258,2136.1,2917.7,,3493.5,4906.4,4906.4,5526.7,6193.3,6942.4,-107.95278,41.48885
4903725266,5467.9,6817.7,,7243.8,8200.8,8200.8,8591.1,9013.7,9586.7,-108.42438,41.39603
4903725272,,2252.9,,3166,5089.8,5089.8,5878.9,7314,8603.2,-107.96508,41.81044
4903725275,4745.7,5718.6,,6204.1,7208.9,7208.9,7782.8,8601.2,9133.4,-108.00735,41.34938
4903725279,4829.9,6401.3,,6755.8,7534.4,7534.4,7942.6,8361.7,9174,-108.39159,41.42296
4903725291,998.3,2503.2,,2926.5,4251.2,4251.2,4825.9,5682.8,6543,-108.22409,41.65507
4903725293,1077,2286.9,,3154.2,5252.6,5252.6,6028,7021.5,8410.8,-107.96453,41.78075
4903725296,,3143.3,,4129.7,5407,5407,5449,6946.2,8281.6,-108.48521,42.02825
4903725300,5690.5,7241.9,,7535.6,8545.9,8545.9,9023,9282.8,9879.4,-108.44206,41.37014
4903725310,,2147.8,,3108.9,5123.3,5123.3,5643.8,6839.1,8141.7,-108.03670,41.79207
4903725330,5220.8,6794.7,,7031.4,7991.7,7991.7,8425.8,9030.3,9578.2,-108.41097,41.40147
4903725345,,,,,,,,2879.7,3468.7,-108.52328,41.58414
4903725360,963.3,1783.1,,2589.3,4373.9,4373.9,5215.9,6096.6,7015.7,-107.93830,41.61984
4903725363,3743.3,4678.5,,5338.1,6713,6502.1,7184.3,7778.9,8763.4,-108.12663,41.50352
4903725379,,,,3167.8,,,,,,-108.34936,41.92852
4903725380,,2648.7,,3174.2,,,,,,-108.33960,41.92172
4903725381,,2549.7,,3119,,,,,,-108.34924,41.92200
4903725386,,2839.2,,3764,5188.2,5188.2,5307.7,6457.1,8069.6,-108.45804,42.01417
4903725387,5617,7010.4,,7595.1,8826,8826,9271.9,9674.9,10490.4,-108.37251,41.40142
4903725397,3890.2,5378,,5690.3,6541.4,6541.4,6943.3,7373.1,7985.6,-108.68811,41.75086
4903725430,,,,,,,,,8081.3,-108.18568,41.86861
4903725432,1253.1,2655.5,,3563.6,5376.4,5376.4,5907.3,7175.1,8181.8,-108.11900,41.86074
4903725433,1444.5,3012.8,,3739.3,5710.1,5710.1,6216.7,7634.1,8744.5,-108.13847,41.90457
4903725444,,,,,,,,,,-108.28913,41.47691
4903725470,1498.7,3097,,3767.1,5895.2,5895.2,6264.5,7606.9,9057.7,-108.12760,41.93296
4903725498,1710.7,3640,,4233.5,6214,6214,6606.5,7951.7,9797.5,-108.14500,41.98333
4903725544,,8645.4,,9142.6,10202.4,10202.4,10625.5,11138.4,11871.3,-108.11183,41.22528
4903725556,5249.2,6651.7,,6888.4,7780.8,7780.8,8442.7,8891.3,9675.6,-107.99704,41.29118
4903725563,1601.7,2998.2,,3507.1,5087,5087,5700.6,6309.8,7373.9,-108.10660,41.63330
4903725568,,,,,,,,2595.8,3162.7,-108.54579,41.58106
4903725570,,2270.6,,2958.3,4802.2,4802.2,5558.4,6669.2,7744.8,-108.04862,41.76229
4903725587,1297.7,2784.7,,3510.1,5238.2,5238.2,5644.3,6740.4,8129.3,-108.21618,41.88209
4903725588,1258,3016.2,,3683.7,5501.8,5501.8,6006.9,7454,8684,-108.17642,41.93322
4903725589,1338.5,3033.6,,3695.6,5632.6,5632.6,6127.2,7540.4,8676,-108.15656,41.91915
4903725602,168.7,,,1060.9,1861.2,1861.2,2199.1,2505.3,3055.3,-108.55130,41.57266
4903725634,,2678,,2978.2,3838.4,3838.4,4179.2,4560.6,4929.9,-108.44647,41.51582
4903725636,3188,4196.1,,4965.5,6445.8,6445.8,7055.7,7519.9,8377.6,-108.16467,41.56103
4903725664,3431.5,4481.7,,4950.4,6249.8,6249.8,6840,7192.1,8068.9,-108.24302,41.54043
4903725665,2333.6,3120.7,,3716,5137.3,5137.3,5713,6456.3,7288.8,-107.97169,41.48993
4903725672,3287.2,4432.9,,5062,6547.2,6547.2,7144.7,7518.1,8398.1,-108.19395,41.54715
4903725676,2926,4260.8,,4757.8,6202.6,6202.6,6660.3,7316.3,8265.1,-108.14478,41.57532
4903725696,875.8,2046.6,,2880.2,5085.2,5085.2,5945.6,7434.1,8922.2,-107.79237,41.78021
4903725711,,2334.5,,3198.2,4936.2,4936.2,5472.3,6649,7825.3,-108.13903,41.81691
4903725716,1417.5,2501.1,,2717.2,3728.4,3728.4,4051,4503.4,4993.5,-108.46682,41.50205
4903725717,1966.7,3852.5,,4672.7,6322.3,6322.3,6550.1,7659.4,9799.2,-108.27269,42.01991
4903725719,1465.9,3228.2,,3838.2,5929.5,5929.5,6694.6,,9895.4,-107.91596,41.89641
4903725727,1399.7,3151,,3810.3,6371.2,6371.2,7208.8,8829.4,10048.8,-107.88801,41.89695
4903725729,2132.4,4071.7,,4858.3,6447.9,6447.9,6698.1,7946.2,10002.5,-108.27343,42.03400
4903725731,5388.3,6480.3,,7201.5,8370.6,8370.6,9003.1,9652.5,10378.4,-108.15606,41.42822
4903725733,3654.8,4875.6,,5482.3,6847.8,6847.8,7304.2,7965.7,8710.5,-108.19410,41.51828
4903725737,3604.9,4878.7,,5530.8,6761.5,6761.5,7357.2,8010.6,8683,-108.17503,41.51123
4903725748,,,,3382.9,,,,,,-108.38710,41.96530
4903725769,1124.5,2462.9,,3304.8,5104.6,5104.6,5554.9,7066.6,8106.4,-108.13836,41.84631
4903725773,1179,2529.4,,3408.2,5192,5192,5709.9,7088.6,8058.6,-108.17716,41.85411
4903725785,1718.3,3749.6,,4188.8,6223.4,6223.4,,7952.5,10331,-107.98395,41.96187
4903725789,2792.7,3552.6,,4054.6,5176.7,5176.7,5775.1,6469.3,7352.8,-107.95906,41.45018
4903725795,908.8,2079.5,,2901.1,5072.9,5072.9,5889.9,7186.7,8478.4,-107.88733,41.77331
4903725797,1082.9,2307.9,,3331.7,5396,5396,6351.7,7638.6,9075.7,-107.88790,41.83911
4903725800,3987.1,5020.4,,5699.1,7047.6,7047.6,7547.4,8044.9,8914.4,-108.14481,41.48858
4903725801,,1949.7,,2773.2,4898.1,4898.1,5731.6,7323.6,8519.8,-107.86804,41.75888
4903725804,1727.8,3206.7,,4146.7,6212,6212,,7668.6,10199.3,-107.98313,41.94040
4903725817,,2959,,3648.3,5223.1,5223.1,5635.6,6547,8224.9,-108.26326,41.91189
4903725820,1230.9,2486.9,,3345.4,5924.1,5924.1,6789.4,8271.1,9543.2,-107.86859,41.85363
4903725821,1575.9,2971.5,,3873.8,5969.8,5969.8,6682.1,7948.8,9615.2,-107.96479,41.88967
4903725822,811.6,2303.9,,2896.6,4402.6,4402.6,4849,5908,7144.7,-108.27418,41.82453
4903725838,4897.4,5938.8,,6694.3,7911.8,7911.8,8572.1,9072.4,9840.1,-108.11515,41.43822
4903725844,4748.4,5924.9,,6534.8,7764.7,7764.7,8418.3,8917.5,9683.2,-108.09721,41.42397
4903725858,,906.1,,1769.4,3927,3927,4568.1,6152.5,7232.7,-107.74288,41.68417
4903725860,,,,,2773.4,2773.4,3904.9,5235.8,6315.9,-107.66738,41.66145
4903725874,1891.3,3525.6,,4329.8,6477.2,6477.2,,8441.2,10651.7,-107.94446,41.94012
4903725895,3473.7,4361.5,,4818.7,5877.9,5877.9,6490.6,7346.9,7844.4,-107.96955,41.39422
4903725896,4132.8,5013,,5561.5,6588.1,6588.1,7203,7998.8,8496,-107.98808,41.37829
4903725897,1200.1,2715.5,,3492.9,5209,5209,5710.3,6790.6,7879.7,-108.22613,41.88277
4903725900,,2008.5,,2823.1,4574.2,4574.2,5253.9,6293.7,7253.9,-108.03562,41.69705
4903725902,,2286.8,,2843.3,4598.2,4598.2,5513.5,6147.9,7334.9,-108.01633,41.68009
4903725909,1902.1,3654.3,,4544.1,6199.7,6199.7,6386.6,7413.9,9297.3,-108.30229,42.02718
4903725918,5741.3,6982.6,,7641.9,8763.6,8763.6,9453.7,10097.3,10606.7,-108.19342,41.43131
4903725921,5609.9,6426.9,,6562.7,7381.1,7381.1,7818.9,8409,8849.5,-108.43645,41.01446
4903725926,,,,7720.3,8863.4,8863.4,9212.4,,10400.7,-108.34473,41.41040
4903725940,1043.5,3033.9,,3838.6,6072.9,6072.9,7034.1,8882.9,10300.6,-107.74110,41.84528
4903725941,,2696.4,,3578.1,5625.9,5625.9,6460.1,7791.1,9345,-107.89656,41.86813
4903725942,1341.4,2654.5,,3532.6,5635.9,5635.9,6493.9,7748.1,9437.5,-107.92538,41.87507
4903725945,,2367.8,,2930.3,4356,4356,,5476.3,7454.4,-108.38121,41.92005
4903725947,7884.2,8720.3,,9219.4,10262.8,10262.8,10702.1,11148.6,11815.2,-108.11286,41.18869
4903725952,1951.3,3992.6,,4588.9,6713.4,6713.4,,8843.5,10957.3,-107.94475,41.99098
4903725970,4975.9,6580.2,,6979.9,8098.6,8098.6,8503,8978.7,9654.1,-108.34453,41.43221
4903725971,1243,2772.7,,3575.3,5352.7,5352.7,5927.3,7261.6,8475.4,-108.19302,41.92444
4903725974,1818.7,3540.6,,4591.3,6299,6299,6529.9,7567.3,9513.1,-108.26584,42.01087
4903725975,1654.3,3693.4,,4238.4,6594.8,6594.8,7397.9,9070.6,10770.7,-107.90645,41.94033
4903725985,2095.8,2937.5,,3407.6,4701.7,4701.7,4837.5,5537.2,6043.4,-108.60943,41.17581
4903725987,1617.8,3600.3,,4372.5,5987.7,5987.7,6344.7,7422.9,9359.8,-108.23431,41.99101
4903725993,994.3,2531.4,,3348.5,5400,5400,6320.6,8319.4,9935.8,-107.71249,41.82425
4903726024,1792.2,3428.6,,4267,6464.1,6464.1,,8290.6,10281.3,-107.94463,41.93272
4903726104,,,,,,,,,1898.5,-108.66904,41.47730
4903726115,,1496.6,,2141.5,2761.3,2761.3,2913.7,3574.1,4916.9,-108.44798,41.81115
4903726116,390.4,,,1446.1,1843.5,1843.5,,,2154.9,-108.68824,41.44119
4903726130,908.7,2311.4,,2854.4,4537.9,4537.9,5125.9,6008.3,7126.5,-108.08859,41.69887
4903726159,,5990.4,,6665,8435,8435,,10335.4,12770.9,-108.17865,42.15776
4903726167,,,,,,,,,12148.6,-108.13968,41.19760
4903726190,,,,,,,,6355.2,7338.3,-107.97192,41.54499
4903726206,,,,,,,,,7101,-107.95886,41.55037
4903726225,,2829.7,,3658.3,5070,5070,5323.7,6498.2,7811.5,-108.42579,41.99998
4903726227,,2731,,3638.2,5942,5942,6876.4,8391.4,10104.4,-107.77125,41.84499
4903726248,5302.6,,,5741.9,,,,,,-107.74077,42.17868
4903726262,5348.3,6664.8,,7356,8541.9,8541.9,9077.4,9518.7,10127,-108.32581,41.42488
4903726285,274.1,1160,,2045.2,4231.7,4231.7,4999.5,6597,7709.5,-107.75679,41.70047
4903726330,7911.4,9157.2,,9604.5,10659.8,10659.8,11235.6,11582.3,12422.5,-108.15070,41.20972
4903726349,1203.5,2177,,2777.7,4191.7,4191.7,5047.7,5767.3,6742.1,-107.93363,41.56183
4903726357,8040.8,9201.1,,9635.3,10821.2,10821.2,,,,-108.15070,41.19693
4903726387,931.5,1907,,2672,4437.3,4437.3,5307.9,6246.9,7140.4,-107.93711,41.63194
4903726404,5489.1,6674.8,,7090.5,8235.3,8235.3,8964.4,9288.1,9901.4,-108.07357,41.34693
4903726425,484,,,2097.2,,,,,,-108.59145,42.04527
4903726441,3396.1,4151.2,,4881.1,6250.6,6250.6,7114.6,7540.2,8289.8,-108.11702,41.54013
4903726453,1012.1,2580.7,,3218.8,4916.4,4916.4,5414.1,6492.3,7646.6,-108.22574,41.85377
4903726474,2198.1,3145.5,,3766.9,5024.1,5024.1,5861.5,6488.9,7407.2,-108.00811,41.53187
4903726496,,,,,4808.9,4808.9,5711.7,,7313.8,-108.01242,41.56322
4903726509,1753.8,3018.1,,3454.1,5055.8,5055.8,5860.7,6452.9,7359.5,-108.07043,41.62877
4903726554,5808.4,7120.1,,7821.8,8977.3,8977.3,9588.1,10221.3,10745.4,-108.25755,41.42579
4903726555,4858.7,6012.4,,6711.4,7837,7837,8282.7,8943.6,9525.3,-108.27925,41.46244
4903726593,8075.9,8935.4,,9200.9,10274.1,10274.1,10671.5,11048.6,11756,-108.06648,41.11041
4903726616,5649.2,6920.1,,7431.2,8550.3,8550.3,9017.8,9833.3,10524.9,-108.11433,41.38336
4903726617,,,,,8665.6,8665.6,9077,,,-107.98736,41.09170
4903726632,,2771.6,,3810.1,,,,,,-108.59660,42.04596
4903726646,,,,,,,,8018.4,10720.7,-108.02346,42.01909
4903726678,,4911.3,,5566.6,7788.6,7788.6,,8791.7,11634.6,-108.09357,42.09411
4903726691,1900.2,3803.9,,4462,6007.3,6007.3,6350.4,7238.6,9248,-108.31065,42.01325
4903726702,877.4,2207.6,,2993.3,4786.2,4786.2,5444,6598.6,7674,-108.01344,41.72964
4903726707,842,2236.8,,2828.9,4642.6,4642.6,5350,6540.8,7588,-108.02379,41.71863
4903726737,,,,,5052.3,5052.3,5183.4,6344.4,8153.1,-108.43094,42.00572
4903726740,1550.7,3185.6,,3999.6,5694.2,5694.2,6266.6,7310.9,9158.3,-108.26098,41.97161
4903726764,836.4,2261,,2885,4576.4,4576.4,5236.6,6257.9,7293.6,-108.04296,41.70846
4903726771,6229,7523.8,,7856,8786.7,8786.7,9340.6,9910.6,10543,-108.03761,41.23984
4903726778,149.2,,,1026.7,1775,1775.7,2061.6,2404.7,2880.6,-108.55129,41.58045
4903726781,621.9,1836.1,,1901.1,2978.3,2978.3,3255.4,3580.3,4073.7,-108.50369,41.56240
4903726828,1841.9,3652.3,,4671.7,6107.9,6107.9,6167.9,7097.1,9042.5,-108.47820,42.07195
4903726832,,,,,1565.5,1565.5,,2012.6,2822.8,-108.56995,41.58711
4903726860,,,,,2919.4,2919.4,3037.8,3412,4118.8,-108.60871,41.13931
4903726873,,,,,,,,,5226.6,-108.65383,41.04926
4903726880,,,,3149.3,,,,,,-108.33474,41.91780
4903726912,536.7,1690.8,,1960.7,3131.3,3131.3,3203.1,3760.6,4495.5,-108.68316,41.20711
4903726979,1176.2,2095.5,,2898.7,4630.6,4630.6,5463.1,6151.9,7250,-108.02308,41.65358
4903727004,,,,,,,,8420.8,9019.6,-107.92404,41.19113
4903727005,,1974.3,,2760.7,4783.3,4783.3,5531.3,6615.9,8107.9,-107.93105,41.73355
4903727032,,2647.5,,3408.3,5374.2,5374.2,5839.2,7261.8,8520.7,-108.04898,41.83705
4903727074,2108.9,2968.6,,3677.9,5192.9,5192.9,5958.7,6750.6,7504.2,-108.06625,41.59938
4903727076,2424.5,3249,,3913.2,5418.2,5418.2,6213.5,6880.6,7679.5,-108.08453,41.58127
4903727124,1045,2005.7,,2873,4769.5,4769.5,5477.5,6508.3,7425.8,-107.95810,41.63315
4903727164,,2189.9,,2715.2,4373.4,4373.4,4987.3,,6949.3,-108.13804,41.72998
4903727192,1793.7,2858.4,,3655.8,5420.7,5420.7,6172.9,7012,7990.2,-108.01753,41.61708
4903727195,,2001.3,,2761.5,4495.7,4495.7,5201.9,6019,7133.7,-107.96990,41.62323
4903727239,4280.8,5446.5,,6062.5,7351.2,7351.2,8112.5,8719.8,9431.2,-108.13758,41.46953
4903727248,,1941.5,,2756,4668.7,4668.7,5384.5,,7317.8,-107.94586,41.62115
4903727286,1630.6,3558.3,,4487,5968.1,5968.1,6016.1,7163.4,8861.4,-108.45153,42.05948
4903727382,,1978.3,,2791.6,4848.5,4848.5,5534.6,6707.3,8001.8,-107.91812,41.72306
4903727386,,,,,,,,,,-108.39474,41.56291
4903727550,7374.6,8210.2,,8491.1,,,,,,-108.07335,41.20130
4903727673,859.9,2264.2,,2750.1,4772.2,4772.2,5556.1,6426.1,7858.4,-107.93893,41.71041
4903727730,2076.4,2986.8,,3797,5108.9,5108.9,6000.4,6675.9,7706.9,-107.97758,41.53772
4903727747,,,,,2495.3,2495.3,,,4073.7,-108.61942,41.13817
4903727752,696.2,2297.5,,2819.6,4727.8,4727.8,5262.6,6227.8,7294.3,-108.13006,41.69593
4903727770,7370.7,8581.1,,9037.5,,,,,,-108.11059,41.23789
4903727864,971,2373.5,,2972.8,4876.6,4876.6,5449.6,6338.6,7500,-108.06692,41.69375
4903727894,1062.2,2191.8,,3143,5178.7,5178.7,5881.9,6849.2,,-108.02094,41.79298
4903727902,7416.9,8641.3,,9152.9,,,,,,-108.11066,41.21631
4903727904,7945.9,9096.7,,9536.8,,,,,,-108.14390,41.20544
4903727985,7668,8878.5,,9313.6,,,,,,-108.12254,41.21272
4903727986,7579.7,8793.4,,9302,10351.3,10351.3,,,,-108.11504,41.22812
4903728058,,,,,5130.8,5130.8,5625.3,6449.4,7378.8,-108.05360,41.51235
4903728111,,2227.7,,,,,,6601,,-107.97791,41.65194
4903728570,3888.1,4927.4,,5606.1,7047,7047,7695.7,8100.5,9029.5,-108.10040,41.50587
4903728687,11682.2,13057.4,,13566.6,14888,14888,15342.4,,16256.5,-108.39433,41.14774
4903728771,7991.6,9340.6,,9779,,,,,,-108.16465,41.20750
4903728783,7605.1,,,,,,,,,-108.13083,41.21924
4903729000,7369.7,8686.7,,9130.8,,,,,,-108.12967,41.24585
4903729008,7865.5,9151.5,,9600.8,,,,,,-108.15735,41.22356
4903729206,7858.5,9138,,9607.7,,,,,,-108.15721,41.22353
4903760051,,,,,477,477,,720.5,1541.1,-108.62634,41.72001
