API,FIELD_NAME,LON,LAT,ELEV_KB,TD
4900705010,WC,-107.62776,41.01171,6627,4125
4900705018,BAGGS SOUTH,-107.74046,41.02101,6591,16248
4900705023,BAGGS SOUTH,-107.83873,41.03026,6344,5506
4900705050,ROBBERS GULCH,-107.68510,41.13570,6651,8385
4900705051,ROBBERS GULCH,-107.65156,41.16104,6426,7195
4900705057,ROBBERS GULCH,-107.67253,41.17992,6387,7348
4900705077,BARREL SPRINGS,-107.81840,41.34985,6582,9144
4900705277,ECHO SPRINGS,-107.76102,41.64662,7075,7005
4900706922,BAGGS SOUTH,-107.71803,41.01870,6291,4833
4900720003,BARREL SPRINGS,-107.85680,41.36448,6560,8990
4900720017,WEST SIDE CANAL,-107.67164,41.01548,6310,8620
4900720039,WEST SIDE CANAL,-107.68962,41.01579,6210,4501
4900720050,WC,-107.67565,41.04859,6267,6911
4900720051,BAGGS SOUTH,-107.85763,41.03783,6161,7514
4900720052,BAGGS SOUTH,-107.80473,41.01228,6164,6760
4900720056,BALDY BUTTE,-107.79861,41.44262,6798,2500
4900720067,BAGGS SOUTH,-107.70931,41.02697,6249,4560
4900720081,WC,-107.59442,41.00538,6608,4690
4900720094,WC,-107.85733,41.22286,7249,10715
4900720101,WC,-107.64764,41.06320,6363,5200
4900720122,WC,-107.73284,41.24440,6626,8400
4900720125,BARREL SPRINGS,-107.82788,41.37531,6616,9043
4900720129,ROBBERS GULCH,-107.71861,41.13572,6572,8616
4900720131,ANTHILL UNIT,-107.90666,41.02405,6643,8650
4900720136,WEST SIDE CANAL,-107.69976,41.03403,6228,4625
4900720142,WEST SIDE CANAL,-107.69020,41.03778,6248,5277
4900720222,COAL GULCH,-107.82558,41.40377,6702,9144
4900720228,BARREL SPRINGS,-107.82803,41.35351,6545,9346
4900720263,WC,-107.63260,41.06686,6294,6975
4900720268,LOOKOUT WASH,-107.85681,41.17959,7058,11518
4900720285,WC,-107.85195,41.11113,6733,11616
4900720308,SMITH RANCH,-107.87381,41.02901,6173,8050
4900720314,BLUE GAP,-107.75686,41.25561,6606,8864
4900720319,BLUE GAP,-107.80900,41.20140,6827,10410
4900720352,BLUE GAP,-107.71125,41.23896,6556,8050
4900720405,BLUE GAP,-107.71126,41.21723,6467,8150
4900720421,STANDARD DRAW,-107.86668,41.56148,6782,9342
4900720425,STANDARD DRAW,-107.80906,41.56116,7007,9550
4900720441,ECHO SPRINGS,-107.88635,41.59042,6738,9630
4900720443,ROBBERS GULCH,-107.67518,41.17963,6396,9823
4900720451,STANDARD DRAW,-107.88576,41.48925,6722,9307
4900720452,WILD ROSE,-107.88645,41.47422,6748,9882
4900720482,BARREL SPRINGS,-107.80638,41.32620,6538,10976
4900720483,BARREL SPRINGS,-107.84472,41.32642,6543,11575
4900720495,WILD ROSE,-107.88578,41.41624,6581,9585
4900720504,STANDARD DRAW,-107.84727,41.48908,6765,9240
4900720512,<Null>,-107.63664,41.12302,6350,10130
4900720514,ROBBERS GULCH,-107.69209,41.20997,6435,9772
4900720521,STANDARD DRAW,-107.86647,41.48912,6782,9398
4900720538,BARREL SPRINGS,-107.89035,41.27031,6867,11242
4900720541,STANDARD DRAW,-107.86659,41.54692,6765,9500
4900720560,ROBBERS GULCH,-107.67304,41.15898,6431,8194
4900720578,WC,-107.85252,41.07067,6371,10665
4900720594,BARREL SPRINGS,-107.88269,41.32725,6567,12396
4900720644,ROBBERS GULCH,-107.72987,41.20250,6602,8850
4900720673,ECHO SPRINGS,-107.60004,41.64630,6986,9708
4900720675,COAL GULCH,-107.84745,41.45260,6778,9237
4900720697,ROBBERS GULCH,-107.73041,41.14460,6616,9353
4900720700,ROBBERS GULCH,-107.78784,41.15923,7338,10730
4900720731,ROBBERS GULCH,-107.72024,41.18045,6600,8840
4900720734,STANDARD DRAW,-107.90496,41.48928,6777,10010
4900720738,ROBBERS GULCH,-107.76917,41.17434,6707,9773
4900720740,STANDARD DRAW,-107.84782,41.50355,6784,9529
4900720780,BAGGS SOUTH,-107.73143,41.05050,6490,8120
4900720795,BLUE GAP,-107.74893,41.20327,6540,9012
4900720811,BLUE GAP,-107.79657,41.28193,6580,9355
4900720983,BARREL SPRINGS,-107.91278,41.31862,6851,11450
4900720986,BLUE GAP,-107.77216,41.28813,6607,8962
4900720996,ROBBERS GULCH,-107.71441,41.20069,6740,8711
4900720997,WC,-107.47332,41.17143,6564,9285
4900721029,CRESTON,-107.76700,41.54965,7002,17060
4900721148,BIG RIDGE,-107.90174,41.16693,6725,12220
4900721161,BLUE GOOSE,-107.76820,41.11472,6476,10050
4900721226,BARREL SPRINGS,-107.80622,41.37702,6783,8790
4900721232,BIG RIDGE,-107.88483,41.17238,6813,11200
4900721249,STANDARD DRAW,-107.88681,41.51936,6793,18590
4900721303,BARREL SPRINGS,-107.81659,41.31127,6548,8934
4900721306,ROBBERS GULCH,-107.67582,41.20221,6448,7197
4900721375,ECHO SPRINGS,-107.80445,41.62594,7124,9775
4900721379,STANDARD DRAW,-107.89499,41.55391,6786,9447
4900721406,BLUE GOOSE,-107.79960,41.13215,6559,10085
4900721407,BLUE GOOSE,-107.76602,41.12798,6544,9624
4900721409,BLUE GOOSE,-107.80478,41.12851,6535,10180
4900721423,ROBBERS GULCH,-107.68491,41.21727,6417,7200
4900721527,BAGGS SOUTH,-107.79502,41.03608,6439,2395
4900721609,ECHO SPRINGS,-107.85761,41.63340,6892,9810
4900721625,STANDARD DRAW,-107.82764,41.53328,6874,9062
4900721713,ROBBERS GULCH,-107.77998,41.16603,7173,11000
4900721743,BARREL SPRINGS,-107.89361,41.32306,6605,10303
4900721754,LOOKOUT WASH,-107.89333,41.23167,7153,11550
4900721776,BARREL SPRINGS,-107.91222,41.27528,6751,11055
4900721799,SMITH RANCH,-107.86615,41.02164,6100,5622
4900721808,BARREL SPRINGS,-107.91191,41.29054,6812,11134
4900721862,WILD ROSE,-107.91472,41.43111,6611,9654
4900721966,BAGGS SOUTH,-107.76833,41.03444,6282,2408
4900721973,LOOKOUT WASH,-107.90428,41.23953,7145,11563
4900721974,ECHO SPRINGS,-107.77222,41.65500,7159,10064
4900721975,BAGGS SOUTH,-107.78055,41.02888,6254,1998
4900722027,BALDY BUTTE,-107.81000,41.43056,6819,8862
4900722133,ECHO SPRINGS,-107.80583,41.62222,7155,9818
4900722240,BARREL SPRINGS,-107.80442,41.28870,6576,9430
4900722241,BARREL SPRINGS,-107.85018,41.30003,6592,10567
4900722275,BALDY BUTTE,-107.80893,41.40217,6705,8894
4900722279,BLUE GAP,-107.79783,41.18786,7474,11260
4900722283,ROBBERS GULCH,-107.76100,41.15078,6792,10109
4900722319,ECHO SPRINGS,-107.91291,41.61984,6756,9815
4900722332,WC,-107.90183,41.10901,6465,12400
4900722337,BLUE GAP,-107.76223,41.19653,6607,8542
4900722343,BARREL SPRINGS,-107.87306,41.31139,6604,10188
4900722346,COAL GULCH,-107.81852,41.45314,6859,8902
4900722350,COAL GULCH,-107.81819,41.41668,6701,8900
4900722360,ECHO SPRINGS,-107.89631,41.63339,6816,9950
4900722364,ECHO SPRINGS,-107.88359,41.62320,6778,9820
4900722388,BLUE GOOSE,-107.73636,41.13078,6554,9564
4900722389,ROBBERS GULCH,-107.68245,41.22643,6446,7415
4900722392,BARREL SPRINGS,-107.84379,41.39552,6624,9230
4900722436,WILD ROSE,-107.90041,41.46346,6650,9590
4900722453,BAGGS SOUTH,-107.76166,41.04871,6431,6415
4900722454,BAGGS SOUTH,-107.75915,41.06478,6645,8700
4900722517,ROBBERS GULCH,-107.83871,41.16654,7051,11467
4900722583,WC,-107.74995,41.10168,6448,9766
4900722610,WILD ROSE,-107.90187,41.43447,6601,9800
4900722630,ROBBERS GULCH,-107.80136,41.15232,7035,10900
4900722661,ROBBERS GULCH,-107.81880,41.14678,6914,10980
4900722720,ECHO SPRINGS,-107.89043,41.60988,6743,9710
4900722740,BAGGS SOUTH,-107.75780,41.02294,6524,2651
4900722749,BARREL SPRINGS,-107.90695,41.39735,6574,10050
4900722752,BARREL SPRINGS,-107.82334,41.23184,6966,10716
4900722759,ECHO SPRINGS,-107.84337,41.65778,6930,10050
4900722773,WILD ROSE,-107.92540,41.45266,6623,10194
4900722796,STANDARD DRAW,-107.88143,41.54293,6754,9270
4900722809,WC,-107.63506,41.10202,6472,7820
4900722860,STANDARD DRAW,-107.89029,41.58622,6742,9553
4900722886,ECHO SPRINGS,-107.81534,41.60737,7047,9553
4900722914,LOOKOUT WASH,-107.88375,41.18155,6858,10265
4900722915,LOOKOUT WASH,-107.87357,41.18148,6933,11350
4900722925,ECHO SPRINGS,-107.81589,41.64109,7011,9840
4900722947,BARREL SPRINGS,-107.81723,41.28891,6588,9746
4900722976,ROBBERS GULCH,-107.76170,41.16499,6680,9840
4900723012,BARREL SPRINGS,-107.85157,41.28266,6633,10580
4900723052,COAL GULCH,-107.84915,41.43401,6705,9269
4900723065,BLUE GOOSE,-107.75259,41.13263,6692,10009
4900723250,ROBBERS GULCH,-107.72253,41.17092,6642,9602
4900723255,WC,-107.81466,41.11823,6464,10850
4900723297,BARREL SPRINGS,-107.88624,41.29291,6653,10984
4900723389,COAL GULCH,-107.86941,41.40135,6589,9433
4900723392,BARREL SPRINGS,-107.83395,41.28585,6600,10339
4900723394,STANDARD DRAW,-107.88367,41.49581,6753,10238
4900723406,BARREL SPRINGS,-107.87192,41.27769,6768,10775
4900723409,BARREL SPRINGS,-107.87619,41.26684,6739,10890
4900723424,STANDARD DRAW,-107.81766,41.48835,6844,9115
4900723438,STANDARD DRAW,-107.90022,41.56755,6724,10092
4900723445,BARREL SPRINGS,-107.81836,41.32088,6543,9520
4900723534,BARREL SPRINGS,-107.84745,41.30679,6566,10107
4900723633,BARREL SPRINGS,-107.86029,41.35835,6563,9590
4900723742,BARREL SPRINGS,-107.86208,41.28572,6636,10863
4900724075,BARREL SPRINGS,-107.82824,41.29519,6581,9483
4900724177,BALDY BUTTE,-107.76724,41.45979,6745,8325
4901305023,WC,-107.70895,42.26362,7581,13226
4901305024,WC,-107.69437,42.26355,7661,8499
4901305026,WC,-107.99652,42.26855,6953,10333
4901320151,WC,-108.06850,42.26410,6991,3196
4901321741,WC,-107.99044,42.26763,6949,9105
4901322954,WC,-107.85600,42.27089,7265,6280
4903705031,STATE LINE,-108.01988,41.00634,6320,4897
4903705039,WC,-108.40270,41.00996,7084,11240
4903705073,POWDER SPRINGS,-108.30131,41.03407,7027,9511
4903705103,KINNEY,-108.58866,41.05085,7147,5392
4903705129,KINNEY,-108.59304,41.08716,7256,6003
4903705136,KINNEY,-108.59059,41.10167,7303,7172
4903705154,KINNEY,-108.59294,41.11981,7227,5300
4903705160,KINNEY,-108.61314,41.13000,7049,5000
4903705175,WC,-108.56147,41.17580,7893,12180
4903705199,WC,-108.62682,41.21239,7282,8588
4903705242,SHALLOW CREEK,-108.03275,41.30705,6850,8162
4903705243,WC,-108.70497,41.30879,7577,6230
4903705256,WC,-108.80397,41.35437,7096,6750
4903705297,BRADY,-108.76873,41.41166,7075,6800
4903705355,LANEY WASH,-108.36379,41.51143,7555,9382
4903705357,LANEY WASH,-108.32763,41.51320,7320,9970
4903705368,TABLE ROCK,-108.43362,41.52780,7042,6907
4903705384,TABLE ROCK,-108.44801,41.54232,7093,6872
4903705387,PATRICK DRAW,-108.51997,41.54235,6784,5801
4903705420,NEFF,-108.46858,41.55408,7150,7028
4903705435,PATRICK DRAW,-108.51519,41.56048,6750,5634
4903705496,TABLE ROCK,-108.41920,41.58212,6912,6720
4903705549,WC,-108.44816,41.60024,6785,6555
4903705571,ARCH,-108.49585,41.61146,6738,5440
4903705580,ARCH,-108.54891,41.61485,6926,4592
4903705583,TIPTON,-108.29375,41.62172,7012,8407
4903705598,ARCH,-108.56346,41.62208,7026,4300
4903705604,ARCH,-108.45295,41.62559,6776,6259
4903705614,WC,-108.48883,41.91516,6674,8362
4903705650,ARCH,-108.45295,41.64007,6802,6202
4903705652,ARCH,-108.43883,41.64004,6779,6180
4903705654,WC,-108.58762,41.63981,7114,3859
4903705662,ARCH,-108.48839,41.62801,6787,5490
4903705664,PATRICK DRAW NORTH,-108.46742,41.64372,6846,5829
4903705665,PATRICK DRAW NORTH,-108.47707,41.64374,6811,5604
4903705666,ARCH,-108.49228,41.64377,6808,5375
4903705676,ARCH,-108.50549,41.64740,6869,5180
4903705680,DESERT SPRINGS WEST,-108.57795,41.64748,7150,4220
4903705681,ARCH,-108.54531,41.64782,7025,4290
4903705691,PATRICK DRAW NORTH,-108.49546,41.65464,6877,4925
4903705692,ARCH,-108.53446,41.65468,7026,4530
4903705698,DESERT SPRINGS WEST,-108.58283,41.65831,7125,3740
4903705699,DESERT SPRINGS WEST,-108.56344,41.65833,7163,4322
4903705700,DESERT SPRINGS WEST,-108.57316,41.65831,7192,4197
4903705701,RED HILL,-108.64503,41.65845,6990,2675
4903705713,WC,-108.24289,41.66232,6967,9250
4903705723,RED HILL,-108.63544,41.66568,6980,2700
4903705736,DESERT SPRINGS,-108.45064,41.67084,6841,6059
4903705740,RED HILL,-108.62456,41.67197,7014,1552
4903705744,DESERT SPRINGS WEST,-108.55388,41.67281,7133,4554
4903705747,WC,-108.61704,41.67372,6998,1770
4903705748,WC,-108.62154,41.67593,6932,1990
4903705751,DESERT SPRINGS WEST,-108.57798,41.67645,7075,3910
4903705758,WC,-108.38066,41.67983,6810,7130
4903705759,WC,-108.51034,41.68001,7051,5165
4903705771,SALT SAGE DRAW,-108.34678,41.68685,6806,7685
4903705773,SALT SAGE DRAW,-108.31292,41.69087,6883,10135
4903705776,DESERT SPRINGS WEST,-108.58287,41.69456,7068,4223
4903705781,DESERT SPRINGS,-108.45108,41.69971,6797,6072
4903705782,WC,-108.50797,41.69988,6955,5135
4903705783,DESERT SPRINGS,-108.47000,41.69985,6828,5695
4903705785,PLAYA,-108.54904,41.70179,6989,4520
4903705788,WC,-108.62093,41.70272,6842,3220
4903705794,WC,-108.64511,41.71257,6712,2712
4903705798,DESERT SPRINGS WEST,-108.58413,41.71535,7015,7589
4903705801,WC,-108.57725,41.72082,6975,4335
4903705804,DESERT SPRINGS,-108.45060,41.72168,6767,6015
4903705806,WC,-108.62543,41.72716,6818,3300
4903705808,DESERT SPRINGS WEST,-108.59484,41.72887,7061,4100
4903705811,DESERT SPRINGS,-108.45066,41.73615,6728,5943
4903705812,DESERT SPRINGS,-108.43391,41.73783,6725,6460
4903705828,WC,-108.27365,41.75995,6613,8644
4903705833,DESERT SPRINGS,-108.49605,41.76807,6808,5803
4903705836,DESERT SPRINGS,-108.47793,41.77618,6813,6268
4903705846,WC,-108.66285,41.79900,7245,4400
4903705851,WC,-108.36799,41.80922,6708,8128
4903705863,WC,-108.27114,41.84812,6593,9552
4903705865,WC,-108.53324,41.85680,6686,7211
4903705868,WC,-108.62988,41.86052,6839,5500
4903705871,WC,-108.74030,41.87524,6843,6900
4903705877,BITTER CREEK,-108.52684,41.38472,7037,10239
4903705879,WC,-108.79819,41.88983,6833,3678
4903705894,CONTINENTAL DIVIDE,-107.85096,41.91280,6699,3660
4903705895,SIBERIA RIDGE,-107.99057,41.91622,6671,11475
4903705910,WC,-107.79610,41.95948,6648,4700
4903705918,WC,-108.72597,41.97660,6772,5998
4903705924,MUD LAKE,-108.45015,41.98703,6605,10359
4903705930,WC,-108.78385,42.00171,6996,5721
4903705934,STEWART CREEK,-107.54000,42.05358,7095,6006
4903705939,WC,-107.93233,42.11900,6979,4988
4903705953,WC,-108.16096,42.20654,6808,8989
4903705960,WC,-107.65224,42.22368,7465,9608
4903705963,WC,-107.94657,42.22796,7059,7500
4903705966,WC,-107.87373,42.23108,7245,8551
4903706246,WC,-108.21431,42.25400,6986,6779
4903706363,KINNEY,-108.57831,41.13411,7196,7401
4903706364,WC,-108.65982,41.55692,6765,2295
4903706371,WC,-107.75738,42.01399,6594,6006
4903706374,WC,-107.93316,41.94529,6616,3800
4903706376,WC,-108.51544,41.80431,6818,6000
4903706380,WC,-107.90909,41.98509,6539,4000
4903706386,POWDER SPRINGS,-108.30211,41.00562,6670,8018
4903706397,OSBORNE DRAW,-107.88838,42.21298,7176,9827
4903706398,WC,-108.44235,42.23260,7039,8500
4903706401,ARCH,-108.50070,41.61829,6754,5025
4903706419,WC,-108.18738,41.03547,7227,14777
4903706461,WC,-108.10432,42.14693,6742,8877
4903707015,DESERT SPRINGS WEST,-108.60207,41.68009,7062,3524
4903720004,WC,-108.44032,41.92546,6619,8610
4903720005,WC,-108.68212,42.06332,6999,9000
4903720010,STATE LINE,-107.94857,41.01651,6510,5033
4903720035,WC,-108.24951,41.03486,7086,8020
4903720047,ARCH,-108.52007,41.64047,6874,4675
4903720052,DESERT SPRINGS,-108.47684,41.79004,6898,6410
4903720064,WC,-108.59042,42.04516,6767,9167
4903720076,WC,-108.61192,41.72768,6769,3436
4903720080,DESERT SPRINGS,-108.42832,41.77508,6806,5901
4903720097,PATRICK DRAW,-108.51042,41.58220,6717,5108
4903720105,WC,-108.57323,41.70878,7026,4320
4903720110,WC,-107.93806,42.05381,6623,4110
4903720111,WC,-107.81084,42.03210,6640,4102
4903720112,WC,-107.92754,42.10090,6832,4510
4903720159,WC,-108.40483,41.70158,6778,7015
4903720172,WC,-108.47676,41.81872,6640,5508
4903720174,WC,-108.58548,41.75553,7104,4517
4903720176,WC,-108.57100,41.78086,7114,4303
4903720184,BATTLE SPRINGS,-108.04949,42.01859,6484,5609
4903720193,WC,-108.70656,42.08140,6946,8659
4903720194,WC,-108.53450,41.69448,6993,3828
4903720198,WC,-108.66038,41.30853,8425,7950
4903720201,WC,-108.25517,41.69672,6703,8816
4903720203,WC,-108.31959,41.80545,6648,8403
4903720205,SHEEP CAMP,-108.37769,41.84913,6595,8075
4903720206,WAMSUTTER,-108.19409,41.76146,6604,9406
4903720215,WC,-108.52281,41.89300,6639,6974
4903720217,WC,-108.53942,41.71990,6905,5150
4903720226,BRADY,-108.68341,41.40491,7474,5150
4903720232,DESERT SPRINGS WEST,-108.57867,41.70228,7071,4209
4903720242,DESERT SPRINGS,-108.50328,41.74818,6878,5560
4903720261,ANTELOPE,-108.62576,41.43374,7381,6575
4903720275,ANTELOPE,-108.62572,41.40838,7325,7251
4903720281,WC,-108.37778,41.94713,6603,9556
4903720295,MONUMENT LAKE,-107.85584,41.84051,6785,12402
4903720315,WC,-108.20167,41.01671,6713,11444
4903720324,LOST CREEK (037),-108.34897,41.95455,6606,9905
4903720326,WC,-108.65555,41.38110,8082,7530
4903720332,TIERNEY,-107.97500,41.62841,6691,12260
4903720336,WC,-108.25365,42.22893,7258,16002
4903720337,TIPTON,-108.27910,41.66521,6954,8268
4903720338,WC,-108.68219,41.78812,7231,3941
4903720353,WAMSUTTER,-108.21645,41.72556,6603,9118
4903720354,MONUMENT LAKE,-107.83101,41.83009,6846,12500
4903720358,WC,-108.31493,41.23524,6806,13000
4903720361,WC,-108.83045,41.30366,6895,11674
4903720373,WC,-108.49148,41.55681,6899,6340
4903720386,HAY RESERVOIR,-108.31001,41.97868,6651,10738
4903720394,SINKHOLE,-108.57596,41.96914,6724,7806
4903720412,BRADY,-108.79335,41.37247,7165,7493
4903720418,ANTELOPE,-108.60421,41.46100,7002,5690
4903720422,BRADY,-108.75419,41.38694,7092,12156
4903720448,OSBORNE DRAW,-107.89308,42.19487,7112,11522
4903720452,PLAYA,-108.54908,41.71991,6890,3656
4903720460,WC,-108.43980,41.15908,6939,12250
4903720480,WAMSUTTER,-108.19229,41.70387,6676,7950
4903720494,WC,-107.73787,42.00666,6588,8015
4903720501,WC,-108.27975,41.36601,7129,10567
4903720502,TWIN BUTTES,-107.63696,42.21335,7329,17457
4903720509,WC,-108.18470,41.37956,6810,10040
4903720528,DESERT SPRINGS WEST,-108.56354,41.70180,7007,3400
4903720564,BRADY,-108.77230,41.34318,7101,14860
4903720567,DESERT SPRINGS,-108.48932,41.69990,6918,5290
4903720573,DESERT SPRINGS,-108.48936,41.71439,6882,5290
4903720579,PATRICK DRAW NORTH,-108.49165,41.67274,6961,5150
4903720581,DESERT SPRINGS,-108.48960,41.73618,6860,5465
4903720593,WC,-108.50800,41.72164,6886,5100
4903720597,PATRICK DRAW NORTH,-108.50026,41.66546,6959,5000
4903720598,WC,-108.35025,41.01330,6866,9000
4903720601,WC,-108.52275,41.83504,6729,6030
4903720614,PATRICK DRAW NORTH,-108.50052,41.67234,7004,5050
4903720632,DELANEY RIM,-108.37510,41.50240,7547,22290
4903720634,WC,-107.91778,42.12621,7019,16212
4903720653,WC,-108.52000,41.68722,7062,4855
4903720656,PATRICK DRAW NORTH,-108.48199,41.67272,6925,5318
4903720657,RED DESERT,-108.25663,41.87349,6655,10050
4903720659,PATRICK DRAW NORTH,-108.47234,41.66546,6923,5861
4903720671,BRADY,-108.76817,41.35795,7206,11606
4903720672,WC,-108.52489,41.69089,7022,4720
4903720700,DESERT SPRINGS WEST,-108.56841,41.69091,7036,3940
4903720701,ANTELOPE,-108.59452,41.43920,7225,6682
4903720708,WC,-108.59241,41.68733,7059,3872
4903720716,SHEEP CAMP,-108.32928,41.84531,6613,8913
4903720718,SHEEP CAMP,-108.37774,41.88897,6594,8750
4903720727,DESERT SPRINGS WEST,-108.57830,41.69080,7075,2974
4903720732,PLAYA,-108.53931,41.69449,6984,4435
4903720734,SHEEP CAMP,-108.30064,41.84457,6617,8980
4903720735,DESERT SPRINGS WEST,-108.56431,41.69091,7012,3997
4903720736,WC,-108.59259,41.71989,7049,3900
4903720745,PLAYA,-108.54833,41.69399,6964,4300
4903720750,SHEEP CAMP,-108.35353,41.87437,6594,8749
4903720763,HANSEN DRAW,-108.21073,41.47682,7132,13769
4903720767,WC,-108.61822,41.33740,7910,10220
4903720782,ALKALINE CREEK,-108.45400,41.32783,7142,14966
4903720787,HAY RESERVOIR,-108.35197,42.01230,6722,10132
4903720793,WC,-107.95071,41.12206,6373,13159
4903720794,MAHONEY DRAW,-107.53841,41.80222,6837,14870
4903720798,DELANEY RIM,-108.39512,41.52415,7057,7715
4903720799,SHELL CREEK,-108.19121,41.62481,6973,11452
4903720810,ECHO SPRINGS,-107.63868,41.67594,6922,12030
4903720825,WC,-107.67321,41.90401,6771,15832
4903720850,HAY RESERVOIR,-108.35356,41.97970,6629,11958
4903720851,HAY RESERVOIR,-108.36651,42.03766,6799,11193
4903720852,BUSH LAKE,-108.30210,42.07045,6715,13110
4903720861,HAY RESERVOIR,-108.35195,42.02679,6719,10746
4903720873,TABLE ROCK SOUTHWEST,-108.43844,41.53504,7074,18425
4903720878,LOST CREEK BASIN,-108.18617,41.94052,6547,11628
4903720889,WC,-107.57145,41.68989,6853,11682
4903720895,WC,-108.53752,41.72132,6870,3760
4903720902,WC,-108.42858,41.88377,6604,8196
4903720919,TEN MILE DRAW,-108.59522,41.80982,7090,5040
4903720921,DELANEY RIM,-108.36136,41.56392,7420,7510
4903720928,TABLE ROCK SOUTHWEST,-108.43909,41.52074,7020,16374
4903720941,WC,-107.55761,41.87472,6614,14953
4903720943,LUMAN RIM,-108.44769,42.02141,6825,10285
4903720947,HAYSTACK,-108.20830,41.15703,6554,16250
4903720952,STOCK POND,-108.09908,41.88272,6871,11423
4903720953,ALKALINE CREEK,-108.47343,41.31331,7228,13045
4903720954,ECHO SPRINGS,-107.67724,41.70525,6850,11140
4903720957,WC,-108.42149,41.46805,7032,9250
4903720961,GREAT DIVIDE,-108.25377,41.97599,6693,11163
4903720972,WC,-108.60457,41.69331,7037,3620
4903720975,SENTINEL RIDGE,-108.04174,41.94766,6612,12580
4903720995,WC,-108.63171,41.81152,7123,4800
4903721008,WC,-108.18802,42.12136,6724,14180
4903721011,WC,-108.59296,41.95594,6717,7435
4903721024,WINDY HILL,-107.61609,41.77333,6794,12612
4903721025,WC,-107.71225,41.99040,6587,15640
4903721026,WC,-107.84821,41.94711,6587,13912
4903721028,ALKALINE CREEK,-108.46439,41.29869,7144,13675
4903721034,MONUMENT LAKE,-107.82861,41.84595,6841,12829
4903721035,WAMSUTTER,-108.19639,41.77417,6626,9596
4903721046,BASTARD BUTTE,-108.36868,42.09464,6746,11742
4903721047,BUSH LAKE,-108.28491,42.06511,6688,13517
4903721051,CONTINENTAL DIVIDE,-107.86791,41.87479,6807,13100
4903721055,LANEY WASH,-108.27017,41.48920,7041,11802
4903721064,DRIPPING ROCK,-108.02338,41.24576,6800,13733
4903721071,WINDMILL DRAW,-107.94336,41.27089,6930,12575
4903721086,ECHO SPRINGS,-107.67739,41.66161,6471,10083
4903721096,BUSH LAKE,-108.28476,42.11445,6727,13925
4903721098,WC,-108.20472,42.25379,6987,7955
4903721144,BATTLE SPRINGS,-108.03427,42.00714,6500,13452
4903721149,WC,-108.46271,41.83259,6680,7052
4903721150,MAHONEY DRAW,-107.55778,41.81681,6759,13600
4903721152,HAY RESERVOIR,-108.41020,42.04127,6876,10693
4903721167,WILD ROSE,-108.03986,41.51797,6837,10800
4903721179,SHELL CREEK,-108.17511,41.62617,6919,9649
4903721185,GREAT DIVIDE,-108.26598,41.96745,6713,10856
4903721186,BATTLE SPRINGS,-108.05366,41.99251,6492,12790
4903721194,ALKALINE CREEK,-108.45504,41.31327,7212,13718
4903721224,RED,-107.94024,41.34089,6786,11399
4903721228,BASTARD BUTTE,-108.34917,42.09451,6703,11868
4903721246,ADOBE TOWN,-108.34879,41.26006,6804,17662
4903721272,STAGE STOP,-108.58224,41.51679,6694,4877
4903721279,FORBES,-108.36636,42.14357,6748,14315
4903721290,HAY RESERVOIR,-108.32942,41.98332,6616,9865
4903721292,WC,-108.58875,41.27751,7416,13918
4903721293,BUSH LAKE,-108.29401,42.12138,6711,14576
4903721308,WINDY HILL,-107.62583,41.81009,7116,13302
4903721309,PICKET LAKE,-108.35090,42.21190,7095,13602
4903721320,GALE,-108.20771,41.96399,6551,10776
4903721329,LOST VALLEY,-108.54752,42.14113,6819,14410
4903721335,HAY RESERVOIR,-108.36650,42.07023,6704,10962
4903721343,BITTER CREEK,-108.52127,41.34213,7309,11800
4903721344,HAY RESERVOIR,-108.36327,41.99650,6634,9830
4903721357,WC,-107.73070,42.11357,7029,17014
4903721358,SIBERIA RIDGE,-107.98377,41.86060,6777,11770
4903721361,MONUMENT LAKE,-107.82869,41.89589,6967,13525
4903721362,MONUMENT LAKE,-107.75118,41.86035,6809,13119
4903721368,WC,-107.73193,41.84586,7160,3217
4903721374,LANEY WASH,-108.27011,41.44608,7098,13007
4903721378,WC,-107.80919,41.87486,6734,2958
4903721380,TWIN FORK,-108.32431,41.15344,6940,11594
4903721381,BUSH LAKE,-108.27562,42.12166,6730,14550
4903721383,TRITON,-108.10089,41.14003,6486,14780
4903721392,NICKEY,-108.20746,42.05132,6839,12550
4903721401,WC,-108.28520,41.99333,6775,10648
4903721407,WILD ROSE,-108.00095,41.47498,6696,10650
4903721408,WILD ROSE,-107.98162,41.46769,6678,10504
4903721415,LOST CREEK BASIN,-108.19586,41.91883,6574,10750
4903721444,HAY RESERVOIR,-108.34635,42.07022,6682,11083
4903721456,SIBERIA RIDGE,-108.02248,41.87492,6863,11940
4903721458,SIBERIA RIDGE,-108.04181,41.86044,6883,11604
4903721463,HAY RESERVOIR,-108.33174,41.95616,6622,9504
4903721464,SHALLOW CREEK,-108.02043,41.32975,6962,12500
4903721472,BITTER CREEK,-108.51902,41.39565,7196,8124
4903721473,WC,-108.17438,42.17231,6806,15004
4903721488,BATTLE SPRINGS,-108.03498,42.11151,6721,14817
4903721489,MONUMENT LAKE,-107.75113,41.88984,6686,13371
4903721497,PICKET LAKE,-108.35017,42.22934,7171,13725
4903721514,PICKET LAKE,-108.34984,42.20077,7062,13500
4903721524,WC,-108.29317,42.19979,7050,14454
4903721536,WC,-108.34957,42.17098,6840,14904
4903721555,DESERT SPRINGS WEST,-108.58492,41.70000,7100,4300
4903721566,FIREPLACE ROCK,-108.08195,41.00965,6635,5330
4903721569,WC,-108.59441,42.01261,6722,8551
4903721576,WC,-108.56528,41.72228,6960,4630
4903721584,TRITON,-108.05855,41.07102,7014,13151
4903721587,WC,-108.44526,42.06665,6839,10840
4903721609,SIBERIA RIDGE,-108.02227,41.96200,6524,12788
4903721621,WC,-108.57596,41.95466,6717,7690
4903721626,GREAT DIVIDE,-108.30708,41.95336,6618,10170
4903721633,WC,-107.78647,42.01038,6616,14982
4903721636,WC,-108.34331,41.14697,6921,18642
4903721637,NICKEY,-108.20747,42.03632,6630,12558
4903721641,WC,-108.51816,42.04151,6817,10100
4903721643,WC,-108.24684,41.12377,6593,16982
4903721664,GALE,-108.21758,41.93143,6562,10731
4903721671,TABLE ROCK,-108.37092,41.62191,6842,16220
4903721672,ECHO SPRINGS,-107.61991,41.73331,6924,12205
4903721681,RED DESERT,-108.21532,41.90431,6805,10795
4903721685,TRITON,-108.05486,41.07449,6558,12725
4903721686,EMIGRANT TRAIL,-108.24340,41.40783,7159,14302
4903721704,BATTLE SPRINGS,-108.01490,41.99260,6502,13154
4903721716,WC,-108.26549,42.06510,6705,13747
4903721718,ECHO SPRINGS,-107.86731,41.69141,6921,10265
4903721755,SIBERIA RIDGE,-108.06128,41.87496,6878,11548
4903721765,GREAT DIVIDE,-108.28551,41.93855,6671,10030
4903721776,LANEY WASH,-108.25090,41.44556,7073,12896
4903721785,WINDMILL DRAW,-107.92200,41.28409,6842,11432
4903721790,WC,-108.40199,41.93574,6609,9012
4903721791,GREAT DIVIDE,-108.29030,41.95300,6630,9912
4903721797,BATTLE SPRINGS,-108.00086,42.04285,6545,14300
4903721843,TABLE ROCK,-108.38061,41.61833,6854,6665
4903721849,LANEY WASH,-108.36371,41.41729,6947,12450
4903721856,DESERT SPRINGS WEST,-108.60206,41.67647,7160,3608
4903721860,TRITON,-108.11794,41.12715,6522,13720
4903721882,WILD ROSE,-107.94352,41.41645,6668,10420
4903721894,SIBERIA RIDGE,-107.99336,41.93346,6673,13042
4903721898,EMIGRANT TRAIL,-108.15220,41.46190,6996,12161
4903721905,STRATTON DRAW,-107.92346,42.04252,6618,14871
4903721911,IRON PIPE,-108.36724,41.38581,6986,13489
4903721917,WAMSUTTER,-108.14437,41.67677,6688,9511
4903721923,WC,-108.56085,42.20182,6875,11490
4903721926,EMIGRANT TRAIL,-108.19480,41.38711,6855,14310
4903721955,WC,-108.71393,42.03966,7059,16566
4903721960,TWO RIM,-108.11634,41.48908,6910,11750
4903721965,GAP ROAD,-108.50341,41.24087,7039,15352
4903722031,WC,-107.98731,41.25911,6910,12952
4903722057,WC,-108.73168,42.15857,7014,11000
4903722066,TABLE ROCK,-108.43368,41.59301,6820,6670
4903722073,DESERT SPRINGS WEST,-108.60211,41.66561,7204,3722
4903722103,TRITON,-108.07728,41.08918,6791,13250
4903722125,ECHO SPRINGS,-107.67648,41.73246,7036,11800
4903722134,DESERT SPRINGS,-108.44100,41.67390,6810,6090
4903722148,WINDY HILL,-107.63543,41.75888,6904,12166
4903722150,TABLE ROCK,-108.37137,41.56757,7178,6911
4903722185,WINDMILL DRAW,-107.92113,41.29766,6976,11440
4903722213,TABLE ROCK,-108.36126,41.62186,6856,6997
4903722254,DRIPPING ROCK,-108.01061,41.18656,6580,13410
4903722280,CEDAR BREAKS,-108.01682,41.12918,6699,13435
4903722304,DRIPPING ROCK,-108.00895,41.20162,6618,13036
4903722309,WC,-107.62592,42.25598,7406,13615
4903722326,MULLIGAN DRAW,-108.05787,41.24143,6626,13515
4903722329,WC,-108.00757,41.14549,6433,12930
4903722330,CEDAR BREAKS,-108.03727,41.13059,6486,13480
4903722333,BARREL SPRINGS,-107.92036,41.31987,6822,11072
4903722343,WC,-108.01711,41.09395,6786,13500
4903722423,WC,-107.98194,41.00944,6552,9275
4903722431,DESERT SPRINGS WEST,-108.59199,41.65889,7133,3636
4903722470,RIM UNIT,-108.12851,41.15153,6471,13401
4903722502,ARCH,-108.53449,41.63291,6940,4554
4903722526,SIBERIA RIDGE,-107.98374,41.77343,6845,11258
4903722542,WC,-108.41903,41.49499,6992,7193
4903722548,DELANEY RIM,-108.31840,41.56775,7256,8250
4903722564,DESERT SPRINGS WEST,-108.58540,41.73566,7020,4201
4903722578,FREWEN,-108.04927,41.61955,6937,19299
4903722649,WC,-107.96590,41.19441,6678,12160
4903722681,WC,-108.30228,41.81769,6592,4100
4903722685,MULLIGAN DRAW,-108.04485,41.26202,6763,13118
4903722722,DESERT SPRINGS WEST,-108.58607,41.72882,7033,4098
4903722738,FIVE MILE GULCH,-107.87687,41.81034,6752,10500
4903722776,DRIPPING ROCK,-107.98862,41.20337,6660,12803
4903722808,RED DESERT,-108.23552,41.89702,6793,10150
4903722847,HAY RESERVOIR,-108.36345,42.01584,6761,10425
4903722860,WC,-108.42550,42.12868,6750,11725
4903722864,TIERNEY,-107.98309,41.68529,6822,10508
4903722873,WC,-108.33168,41.78881,6652,8839
4903722874,MULLIGAN DRAW,-108.09299,41.32183,6730,13175
4903722900,HAY RESERVOIR,-108.39623,42.03359,6894,10270
4903722901,HAY RESERVOIR,-108.38121,42.04479,6846,10500
4903722907,WILLOW RESERVOIR,-108.12261,41.35563,6780,13504
4903722912,MULLIGAN DRAW,-108.03677,41.24939,6754,13808
4903722919,WC,-108.54121,41.27760,7252,14150
4903722936,TIERNEY,-108.00219,41.70817,6748,10224
4903722937,DESERT SPRINGS WEST,-108.57748,41.65843,7177,4000
4903722971,WILLOW RESERVOIR,-108.15849,41.35566,6759,14005
4903722986,DRIPPING ROCK,-107.99085,41.21656,6801,12586
4903722991,TRITON,-108.06681,41.09266,6765,14204
4903722999,MULLIGAN DRAW,-108.09359,41.30385,6678,13525
4903723007,HAY RESERVOIR,-108.32085,41.96346,6623,9715
4903723025,MULLIGAN DRAW,-108.06418,41.27610,6721,13320
4903723032,DRIPPING ROCK,-107.99107,41.22521,6726,12380
4903723037,POLAR BAR,-108.19145,41.16739,6566,15525
4903723069,WILLOW RESERVOIR,-108.13370,41.37802,6860,13471
4903723092,MULLIGAN DRAW,-108.14721,41.32715,6698,14000
4903723169,WC,-108.14167,41.07350,6965,14373
4903723220,WILD ROSE,-107.93521,41.43943,6679,10187
4903723252,RED DESERT,-108.21538,41.90470,6810,13021
4903723279,DRIPPING ROCK,-107.97689,41.16050,6566,12450
4903723300,HAY RESERVOIR,-108.36588,42.04648,6832,10700
4903723301,HAY RESERVOIR,-108.37861,42.05082,6815,10625
4903723398,TABLE ROCK,-108.36474,41.63051,6830,7210
4903723413,TABLE ROCK,-108.40671,41.57533,6993,6610
4903723419,HAY RESERVOIR,-108.39750,42.02631,6947,10200
4903723424,WAMSUTTER,-108.12571,41.72796,6634,9534
4903723432,WC,-107.74004,42.17694,7339,15000
4903723473,WILD ROSE,-107.99721,41.49369,6770,10920
4903723485,WAMSUTTER,-108.00209,41.74190,6766,10377
4903723513,SINKHOLE,-108.61275,41.99342,6711,7845
4903723527,POLAR BAR,-108.17655,41.14374,6648,15432
4903723553,WC,-108.29185,42.04915,6682,11250
4903723564,WC,-108.61273,42.07165,6904,9529
4903723582,WC,-108.49400,41.87459,6613,6910
4903723591,TWO RIM,-108.13556,41.48938,6964,11535
4903723606,WAMSUTTER,-108.09032,41.77420,6695,10045
4903723607,SIBERIA RIDGE,-108.03216,41.81001,6805,10965
4903723622,WAMSUTTER,-108.13116,41.77589,6650,9950
4903723629,WC,-107.68836,42.25336,7657,12360
4903723643,SIBERIA RIDGE,-108.00275,41.80974,6855,11068
4903723696,SHEEP CAMP,-108.34341,41.85193,6620,8650
4903723713,TIERNEY,-107.97284,41.71415,6774,10177
4903723725,WILD ROSE,-108.02994,41.48925,6766,11900
4903723759,SIBERIA RIDGE,-108.12087,41.97231,6547,12286
4903723763,SHEEP CAMP,-108.30750,41.87971,6628,9500
4903723828,WC,-108.18682,41.79590,6643,9900
4903723837,WILD ROSE,-107.93373,41.48948,6691,9798
4903723843,SIBERIA RIDGE,-108.01198,41.83823,6894,11317
4903723845,WC,-108.24455,41.77435,6602,12090
4903723860,WAMSUTTER,-108.10641,41.70552,6684,9819
4903723871,WC,-108.55045,41.27740,7240,13966
4903723884,WC,-108.24472,41.75986,6671,9020
4903723886,WC,-108.36965,41.76778,6747,15900
4903723903,SIBERIA RIDGE,-107.99419,41.79558,6812,11250
4903723909,SIBERIA RIDGE,-108.10860,41.96548,6565,12211
4903723925,FREWEN,-108.04061,41.64162,6846,10075
4903723933,SIBERIA RIDGE,-107.96500,41.82472,6697,11362
4903723970,FREWEN,-108.03217,41.61350,6921,6921
4903723971,WAMSUTTER,-107.98296,41.74203,6817,10579
4903723977,WAMSUTTER,-108.04952,41.67719,6755,10050
4903723978,WAMSUTTER,-108.05913,41.67720,6709,10050
4903723991,SIBERIA RIDGE,-108.01812,41.86366,6893,11500
4903724007,WAMSUTTER,-108.05800,41.69861,6689,9868
4903724018,SIBERIA RIDGE,-107.96444,41.86055,6760,11950
4903724036,SIBERIA RIDGE,-107.98083,41.90388,6702,12225
4903724062,TIERNEY,-107.91762,41.69428,6757,10150
4903724063,FREWEN,-108.01167,41.66694,6700,9950
4903724064,FREWEN,-108.01167,41.66694,6700,9930
4903724065,SIBERIA RIDGE,-107.92500,41.83917,6745,11645
4903724072,FIVE MILE GULCH,-107.96389,41.77333,6860,10970
4903724076,WC,-107.96194,41.27056,7014,12500
4903724099,ROBIN,-108.34521,41.64847,6956,16784
4903724110,SIBERIA RIDGE,-108.07027,41.81011,6954,10500
4903724127,CEDAR BREAKS,-108.00287,41.13155,6606,12950
4903724132,MULLIGAN DRAW,-108.04083,41.27806,6827,13120
4903724185,CEPO,-108.14139,41.18194,6437,13500
4903724186,SIBERIA RIDGE,-107.94528,41.86056,6753,12010
4903724230,WAMSUTTER,-108.03028,41.68417,6692,9856
4903724233,WC,-108.30964,41.65709,6911,12500
4903724237,CEPO,-108.14667,41.18806,6456,13503
4903724250,CEPO,-108.13889,41.17556,6439,12500
4903724260,CEDAR BREAKS,-107.99361,41.12944,6451,12640
4903724304,CEDAR BREAKS,-107.99250,41.13450,6479,12550
4903724311,FIVE MILE GULCH,-107.96444,41.75972,6818,10745
4903724314,WAMSUTTER,-108.19444,41.73472,6609,9420
4903724333,FIVE MILE GULCH,-107.95433,41.75163,6862,10752
4903724337,WC,-108.48500,41.16777,7046,17331
4903724352,SHALLOW CREEK,-108.02138,41.30027,7021,12650
4903724354,POLAR BAR,-108.15888,41.14000,6596,14300
4903724371,ECHO SPRINGS,-107.86861,41.68417,6891,10181
4903724379,WAMSUTTER,-108.19527,41.73694,6608,9419
4903724432,WC,-108.09325,41.22683,6631,14060
4903724451,WC,-108.25416,41.79583,6590,11200
4903724480,FIVE MILE GULCH,-107.95539,41.80974,6792,11376
4903724482,POLAR BAR,-108.17333,41.10737,6777,15300 
4903724494,WC,-108.49556,41.98583,6656,4250
4903724499,FIVE MILE GULCH,-107.94509,41.74481,6909,11118
4903724502,HAY RESERVOIR,-108.32528,42.00750,6729,10265
4903724512,LANEY WASH,-108.32491,41.44589,7022,12068
4903724513,LANEY WASH,-108.37302,41.42978,7031,11943
4903724520,TIERNEY,-107.97238,41.72812,6876,10563
4903724552,SIBERIA RIDGE,-108.08020,41.86071,6824,11086
4903724563,WILD ROSE,-108.02901,41.44618,6868,11149
4903724579,WILD ROSE,-107.97193,41.46096,6679,10264
4903724592,LANEY WASH,-108.29594,41.46117,7023,11828
4903724614,FIVE MILE GULCH,-107.92547,41.80951,6860,11474
4903724645,BITTER CREEK,-108.50195,41.35648,7244,11404
4903724671,WAMSUTTER,-108.14808,41.75234,6622,9685
4903724713,ECHO SPRINGS,-107.87778,41.70889,6836,10330
4903724737,SIBERIA RIDGE,-107.95556,41.82417,6691,11410
4903724754,HAY RESERVOIR,-108.33839,41.98306,6628,9750
4903724769,SIBERIA RIDGE,-108.04260,41.85293,6939,11294
4903724778,WAMSUTTER,-108.09744,41.72783,6752,9815
4903724780,WAMSUTTER,-108.07834,41.71325,6755,9915
4903724807,WC,-108.05108,41.16244,6402,13400
4903724808,WC,-107.93208,42.25678,7053,11075
4903724819,TWO RIM,-108.10683,41.57583,6991,10696
4903724821,WAMSUTTER,-108.19642,41.75424,6602,9300
4903724840,BRADY,-108.70994,41.41074,7271,14580
4903724851,TWO RIM,-108.08783,41.59756,6903,10315
4903724869,TIERNEY,-107.97264,41.64130,6714,9984
4903724876,FREWEN,-108.00090,41.62597,6800,9976
4903724884,WAMSUTTER,-108.17533,41.70621,6677,9145
4903724891,WC,-108.10428,41.10256,6631,14643
4903724896,TIERNEY,-107.96288,41.58338,6800,9952
4903724900,BITTER CREEK,-108.48237,41.37080,7230,11635
4903724909,TIERNEY,-107.93324,41.66273,6911,10825
4903724914,LUMAN RIM,-108.44770,42.00016,6615,11450
4903724925,BITTER CREEK,-108.55901,41.34996,7370,11725
4903724934,DESERT FLATS,-108.12585,41.59752,6977,10472
4903724951,MULLIGAN DRAW,-108.06386,41.33960,6771,12454
4903724959,SIBERIA RIDGE,-108.05169,41.88199,6862,11654
4903724963,TWO RIM,-108.11688,41.51803,7042,11167
4903724971,SIBERIA RIDGE,-108.10891,41.91881,6692,11525
4903724974,SIBERIA RIDGE,-107.90724,41.84540,6734,11889
4903725027,WC,-108.52296,42.00167,6782,4615
4903725048,WILD ROSE,-108.05900,41.51087,7061,11074
4903725052,WILD ROSE,-108.06909,41.48886,6897,11456
4903725055,WC,-108.53194,41.26333,7189,14485
4903725061,DESERT FLATS,-108.14618,41.60405,6874,10201
4903725097,LANEY WASH,-108.30598,41.48964,7351,11130
4903725099,SIBERIA RIDGE,-107.93549,41.84618,6726,11609
4903725116,TIERNEY,-107.95682,41.60781,6692,9828
4903725124,SIBERIA RIDGE,-107.93692,41.85029,6744,11682
4903725138,WAMSUTTER,-108.19525,41.71971,6627,9134
4903725161,DRIPPING ROCK,-107.99926,41.23253,6674,12584
4903725162,DRIPPING ROCK,-108.00912,41.24678,6721,12787
4903725172,WAMSUTTER,-108.11622,41.72018,6652,9537
4903725175,BATTLE SPRINGS,-108.01911,42.02496,6526,13520
4903725180,WAMSUTTER,-108.19391,41.69173,6812,9155
4903725188,WAMSUTTER,-108.07836,41.66999,6765,9953
4903725200,WC,-108.47508,42.03774,6832,5601
4903725215,WC,-108.50419,42.03780,6783,5130
4903725220,WAMSUTTER,-108.18428,41.67002,6730,9258
4903725232,TIERNEY,-107.96296,41.62015,6698,10035
4903725233,WAMSUTTER,-108.19598,41.70624,6667,9207
4903725237,WIND DANCER,-108.27303,42.02713,6771,11707
4903725242,SIBERIA RIDGE,-108.08008,41.95489,6580,12360
4903725244,TWO RIM,-108.06899,41.54707,6830,10510
4903725258,WILD ROSE,-107.95278,41.48885,6689,10089
4903725266,IRON PIPE,-108.42438,41.39603,7040,11958
4903725272,FIVE MILE GULCH,-107.96508,41.81044,6768,11536
4903725275,SHALLOW CREEK,-108.00735,41.34938,6914,12065
4903725279,IRON PIPE,-108.39159,41.42296,6991,10504
4903725291,WC,-108.22409,41.65507,6828,9041
4903725293,FIVE MILE GULCH,-107.96453,41.78075,6873,10993
4903725296,WC,-108.48521,42.02825,6836,10890
4903725300,IRON PIPE,-108.44206,41.37014,7047,12227
4903725310,SIBERIA RIDGE,-108.03670,41.79207,6790,10790
4903725330,IRON PIPE,-108.41097,41.40147,6997,12018
4903725345,PATRICK DRAW,-108.52328,41.58414,6758,5105
4903725360,TIERNEY,-107.93830,41.61984,6699,9870
4903725363,TWO RIM,-108.12663,41.50352,6976,11432
4903725379,WC,-108.34936,41.92852,6606,4500
4903725380,WC,-108.33960,41.92172,6605,4600
4903725381,WC,-108.34924,41.92200,6607,4300
4903725386,LUMAN RIM,-108.45804,42.01417,6711,11230
4903725387,IRON PIPE,-108.37251,41.40142,6961,12810
4903725397,WC,-108.68811,41.75086,7191,10367
4903725430,STRIKE,-108.18568,41.86861,6757,10615
4903725432,STRIKE,-108.11900,41.86074,6810,10940
4903725433,STRIKE,-108.13847,41.90457,6792,11324
4903725444,LANEY WASH,-108.28913,41.47691,7096,11555
4903725470,SIBERIA RIDGE,-108.12760,41.93296,6568,11508
4903725498,SIBERIA RIDGE,-108.14500,41.98333,6556,14000
4903725544,WC,-108.11183,41.22528,6794,12970
4903725556,SHALLOW CREEK,-107.99704,41.29118,6880,9870
4903725563,DESERT FLATS,-108.10660,41.63330,6882,10102
4903725568,PATRICK DRAW,-108.54579,41.58106,6788,4721
4903725570,WAMSUTTER,-108.04862,41.76229,6749,10300
4903725587,RED DESERT,-108.21618,41.88209,6732,10442
4903725588,LOST CREEK BASIN,-108.17642,41.93322,6554,11042
4903725589,STRIKE,-108.15656,41.91915,6553,11119
4903725602,PATRICK DRAW,-108.55130,41.57266,6782,4703
4903725634,TABLE ROCK SOUTHWEST,-108.44647,41.51582,6980,18328
4903725636,WELLS BLUFF,-108.16467,41.56103,7278,11177
4903725664,WC,-108.24302,41.54043,7215,10663
4903725665,WILD ROSE,-107.97169,41.48993,6704,10183
4903725672,WELLS BLUFF,-108.19395,41.54715,7170,11123
4903725676,WC,-108.14478,41.57532,7276,10566
4903725696,MONUMENT LAKE,-107.79237,41.78021,7152,11862
4903725711,SIBERIA RIDGE,-108.13903,41.81691,6695,10432
4903725716,TABLE ROCK SOUTHWEST,-108.46682,41.50205,6896,18145
4903725717,WIND DANCER,-108.27269,42.01991,6764,11605
4903725719,CONTINENTAL DIVIDE,-107.91596,41.89641,6757,12601
4903725727,CONTINENTAL DIVIDE,-107.88801,41.89695,6771,12850
4903725729,WIND DANCER,-108.27343,42.03400,6773,11700
4903725731,EMIGRANT TRAIL,-108.15606,41.42822,7048,13048
4903725733,WELLS BLUFF,-108.19410,41.51828,7017,11490
4903725737,WELLS BLUFF,-108.17503,41.51123,6973,11505
4903725748,WC,-108.38710,41.96530,6608,5000
4903725769,SIBERIA RIDGE,-108.13836,41.84631,6708,10663
4903725773,STRIKE,-108.17716,41.85411,6716,10503
4903725785,SIBERIA RIDGE,-107.98395,41.96187,6558,13010
4903725789,WILD ROSE,-107.95906,41.45018,6662,10315
4903725795,FIVE MILE GULCH,-107.88733,41.77331,6894,11298
4903725797,MONUMENT LAKE,-107.88790,41.83911,6730,11953
4903725800,TWO RIM,-108.14481,41.48858,6957,11647
4903725801,FIVE MILE GULCH,-107.86804,41.75888,6898,11158
4903725804,SIBERIA RIDGE,-107.98313,41.94040,6701,12838
4903725817,RED DESERT,-108.26326,41.91189,6807,10435
4903725820,MONUMENT LAKE,-107.86859,41.85363,6742,12371
4903725821,SIBERIA RIDGE,-107.96479,41.88967,6949,12377
4903725822,WC,-108.27418,41.82453,6588,9360
4903725838,EMIGRANT TRAIL,-108.11515,41.43822,7107,12456
4903725844,EMIGRANT TRAIL,-108.09721,41.42397,6903,11092
4903725858,ECHO SPRINGS,-107.74288,41.68417,7092,10401
4903725860,ECHO SPRINGS,-107.66738,41.66145,7009,11040
4903725874,WC,-107.94446,41.94012,6796,13315
4903725895,WILD ROSE,-107.96955,41.39422,6647,10791
4903725896,PRIMITIVE,-107.98808,41.37829,6855,11291
4903725897,RED DESERT,-108.22613,41.88277,6716,10342
4903725900,WAMSUTTER,-108.03562,41.69705,6692,10025
4903725902,WAMSUTTER,-108.01633,41.68009,6728,10066
4903725909,WC,-108.30229,42.02718,6657,11300
4903725918,EMIGRANT TRAIL,-108.19342,41.43131,7131,13400
4903725921,WC,-108.43645,41.01446,7182,11633
4903725926,LANEY WASH,-108.34473,41.41040,6959,12750
4903725940,MONUMENT LAKE,-107.74110,41.84528,7166,13359
4903725941,SIBERIA RIDGE,-107.89656,41.86813,6794,12520
4903725942,SIBERIA RIDGE,-107.92538,41.87507,6806,12596
4903725945,SHEEP CAMP,-108.38121,41.92005,6598,10810
4903725947,CEPO,-108.11286,41.18869,6490,13058
4903725952,WC,-107.94475,41.99098,6518,13718
4903725970,LANEY WASH,-108.34453,41.43221,7015,12157
4903725971,LOST CREEK BASIN,-108.19302,41.92444,6552,10850
4903725974,WIND DANCER,-108.26584,42.01087,6741,11600
4903725975,WC,-107.90645,41.94033,6719,13438
4903725985,WC,-108.60943,41.17581,7126,9662
4903725987,WC,-108.23431,41.99101,6615,13220
4903725993,MONUMENT LAKE,-107.71249,41.82425,6873,12800
4903726024,SIBERIA RIDGE,-107.94463,41.93272,6774,13158
4903726104,BRADY,-108.66904,41.47730,6812,3347
4903726115,DESERT SPRINGS,-108.44798,41.81115,6731,5850
4903726116,BRADY,-108.68824,41.44119,6990,3758
4903726130,WAMSUTTER,-108.08859,41.69887,6727,9865
4903726159,STRATTON LAKES,-108.17865,42.15776,6774,13753
4903726167,CEPO,-108.13968,41.19760,6549,13497
4903726190,WILD ROSE,-107.97192,41.54499,6788,10113
4903726206,WILD ROSE,-107.95886,41.55037,6865,10079
4903726225,LUMAN RIM,-108.42579,41.99998,6708,10900
4903726227,MONUMENT LAKE,-107.77125,41.84499,7117,13182
4903726248,WC,-107.74077,42.17868,7351,7862
4903726262,LANEY WASH,-108.32581,41.42488,6992,12555
4903726285,ECHO SPRINGS,-107.75679,41.70047,7139,10737
4903726330,WC,-108.15070,41.20972,6560,13749
4903726349,WILD ROSE,-107.93363,41.56183,6721,9733
4903726357,WC,-108.15070,41.19693,6504,11000
4903726387,TIERNEY,-107.93711,41.63194,6810,10190
4903726404,MULLIGAN DRAW,-108.07357,41.34693,6778,12598
4903726425,WC,-108.59145,42.04527,6731,3750
4903726441,TWO RIM,-108.11702,41.54013,7095,11390
4903726453,RED DESERT,-108.22574,41.85377,6656,11625
4903726474,WILD ROSE,-108.00811,41.53187,6745,10336
4903726496,WILD ROSE,-108.01242,41.56322,6751,10190
4903726509,FREWEN,-108.07043,41.62877,6876,10160
4903726554,LANEY WASH,-108.25755,41.42579,7072,11800
4903726555,LANEY WASH,-108.27925,41.46244,7011,10446
4903726593,TRITON,-108.06648,41.11041,6710,13188
4903726616,WILLOW RESERVOIR,-108.11433,41.38336,6907,13164
4903726617,WC,-107.98736,41.09170,6693,13457
4903726632,WC,-108.59660,42.04596,6773,4878
4903726646,BATTLE SPRINGS,-108.02346,42.01909,6525,13645
4903726678,BATTLE SPRINGS,-108.09357,42.09411,6633,14103
4903726691,HAY RESERVOIR,-108.31065,42.01325,6758,12755
4903726702,WAMSUTTER,-108.01344,41.72964,6760,10260
4903726707,WAMSUTTER,-108.02379,41.71863,6732,10150
4903726737,LUMAN RIM,-108.43094,42.00572,6732,11330
4903726740,GREAT DIVIDE,-108.26098,41.97161,6720,12690
4903726764,WAMSUTTER,-108.04296,41.70846,6708,9985
4903726771,MULLIGAN DRAW,-108.03761,41.23984,6735,13265
4903726778,PATRICK DRAW,-108.55129,41.58045,6800,4712
4903726781,PATRICK DRAW,-108.50369,41.56240,6800,5860
4903726828,JADE,-108.47820,42.07195,6885,10691
4903726832,PATRICK DRAW,-108.56995,41.58711,6960,4390
4903726860,KINNEY,-108.60871,41.13931,7107,14319
4903726873,WC,-108.65383,41.04926,7000,14430
4903726880,WC,-108.33474,41.91780,6598,4350
4903726912,WC,-108.68316,41.20711,7507,12750
4903726979,FREWEN,-108.02308,41.65358,6684,9951
4903727004,WC,-107.92404,41.19113,6739,12050
4903727005,FIVE MILE GULCH,-107.93105,41.73355,6845,10675
4903727032,SIBERIA RIDGE,-108.04898,41.83705,6865,11174
4903727074,TWO RIM,-108.06625,41.59938,6860,10274
4903727076,TWO RIM,-108.08453,41.58127,6853,10535
4903727124,TIERNEY,-107.95810,41.63315,6740,10432
4903727164,WAMSUTTER,-108.13804,41.72998,6627,9654
4903727192,FREWEN,-108.01753,41.61708,7038,10790
4903727195,TIERNEY,-107.96990,41.62323,6716,10041
4903727239,EMIGRANT TRAIL,-108.13758,41.46953,6947,12014
4903727248,TIERNEY,-107.94586,41.62115,6709,10270
4903727286,JADE,-108.45153,42.05948,6785,12260
4903727382,ECHO SPRINGS,-107.91812,41.72306,6880,10849
4903727386,TABLE ROCK,-108.39474,41.56291,7225,10063
4903727550,WC,-108.07335,41.20130,6585,10100
4903727673,TIERNEY,-107.93893,41.71041,6948,10540
4903727730,WILD ROSE,-107.97758,41.53772,6775,10652
4903727747,KINNEY,-108.61942,41.13817,7077,15350
4903727752,WAMSUTTER,-108.13006,41.69593,6659,9856
4903727770,WC,-108.11059,41.23789,6805,10012
4903727864,WAMSUTTER,-108.06692,41.69375,6696,9747
4903727894,SIBERIA RIDGE,-108.02094,41.79298,6788,7416
4903727902,WC,-108.11066,41.21631,6798,10306
4903727904,WC,-108.14390,41.20544,6577,10900
4903727985,WC,-108.12254,41.21272,6731,10585
4903727986,WC,-108.11504,41.22812,6782,10550
4903728058,WILD ROSE,-108.05360,41.51235,6789,10450
4903728111,TIERNEY,-107.97791,41.65194,6729,10051
4903728570,TWO RIM,-108.10040,41.50587,6999,11296
4903728687,WC,-108.39433,41.14774,6942,16622
4903728771,WC,-108.16465,41.20750,6536,11020
4903728783,WC,-108.13083,41.21924,6675,10617
4903729000,WC,-108.12967,41.24585,6696,10367
4903729008,WC,-108.15735,41.22356,6588,10450
4903729206,WC,-108.15721,41.22353,6545,10705
4903760051,WC,-108.62634,41.72001,6745,2946
